pattern,dilation,channel,fold_1,fold_2,fold_3,fold_4,fold_5,mean_importance,std_importance
"[2.0, 2.0, -1.0, 2.0, -1.0, -1.0, -1.0, -1.0, -1.0]",4,game_rot_vec_y,0.005501317400167611,0.007415986259392306,0.006689509076973515,0.008030937966019346,0.00412968531365206,0.006353487203240968,0.0015594184992252927
"[2.0, 2.0, -1.0, -1.0, 2.0, -1.0, -1.0, -1.0, -1.0]",4,game_rot_vec_z,0.006474982481041974,0.008399705766623728,0.005441772899633943,0.005102433265522007,0.005020495249834536,0.006087877932531237,0.0014161794168250218
"[-1.0, -1.0, -1.0, 2.0, 2.0, -1.0, 2.0, -1.0, -1.0]",4,gravity_z,0.006807974056402361,0.006472440291153342,0.00535106623059578,0.005833029091787686,0.0037137612199519008,0.005635654177978214,0.0012132770288622175
"[-1.0, -1.0, 2.0, -1.0, 2.0, 2.0, -1.0, -1.0, -1.0]",4,game_rot_vec_x,0.004219666205859809,0.0037750225803641537,0.005344194048510195,0.0046705458201005525,0.007576353965082351,0.005117156523983412,0.0014921018402252368
"[-1.0, -1.0, 2.0, -1.0, 2.0, 2.0, -1.0, -1.0, -1.0]",3,game_rot_vec_x,0.005829332515545865,0.0034336337127974276,0.006980727342065849,0.004751321661104416,0.004054377740195421,0.005009878594341795,0.0014159917912876987
"[2.0, -1.0, -1.0, 2.0, -1.0, 2.0, -1.0, -1.0, -1.0]",4,accelerometer_z,0.0032516051206511304,0.0048991185342954135,0.0032990647010813024,0.0063982617782285525,0.0062239602215021905,0.004814402071151717,0.0015199691019618128
"[-1.0, -1.0, -1.0, -1.0, 2.0, -1.0, 2.0, -1.0, 2.0]",4,accelerometer_x,0.005394222146312988,0.00615733499503665,0.0037633144904113927,0.003991120311112058,0.004637193806404573,0.004788637149855532,0.0009937708148338837
"[-1.0, 2.0, 2.0, -1.0, 2.0, -1.0, -1.0, -1.0, -1.0]",4,magn_field_z,0.006192152665467544,0.003872634355020144,0.0035133032589570834,0.0035023891040074457,0.006517326178679525,0.004719561112426348,0.0015045211659423356
"[-1.0, -1.0, -1.0, 2.0, -1.0, -1.0, 2.0, 2.0, -1.0]",4,lin_accel_z,0.0043856292826338185,0.006648702225177216,0.0038329510812852,0.0032458296097957755,0.00529430170354366,0.004681482780487134,0.0013336167683485414
"[-1.0, -1.0, 2.0, -1.0, 2.0, -1.0, 2.0, -1.0, -1.0]",4,game_rot_vec_y,0.004177783713733576,0.0050153492318371976,0.004944943411195964,0.00216933605988896,0.006817385024462955,0.00462495948822373,0.0016801470315057712
"[2.0, -1.0, 2.0, -1.0, -1.0, 2.0, -1.0, -1.0, -1.0]",4,gravity_x,0.007923409504618627,0.0045657146754668285,0.0029439243966382705,0.0044961567950029604,0.0031474019283296633,0.00461532146001127,0.0019942707599695277
"[-1.0, -1.0, -1.0, -1.0, 2.0, -1.0, -1.0, 2.0, 2.0]",4,game_rot_vec_y,0.00908161879743156,0.0028398796540284716,0.002951963464473399,0.005507333001065248,0.0019889652893829678,0.004473952041276329,0.002892242646096726
"[-1.0, -1.0, 2.0, -1.0, 2.0, -1.0, 2.0, -1.0, -1.0]",3,game_rot_vec_y,0.00591345163473201,0.0030360287027412962,0.0026327804058623814,0.0024165565541396416,0.00747854379157841,0.0042954722178107484,0.0022710607729466356
"[2.0, 2.0, -1.0, -1.0, -1.0, 2.0, -1.0, -1.0, -1.0]",4,magn_field_x,0.003729735284976571,0.001282080071790422,0.0026683594286307515,0.006627870421996485,0.006907382928302517,0.00424308562713935,0.0024645752017154153
"[2.0, 2.0, -1.0, -1.0, -1.0, -1.0, -1.0, -1.0, 2.0]",4,accelerometer_x,0.0061831133474144016,0.004385066741669263,0.002683023319338602,0.003965190311077428,0.0039935119372565405,0.004241981131351246,0.001260671183373713
"[-1.0, -1.0, -1.0, -1.0, -1.0, 2.0, -1.0, 2.0, 2.0]",4,magn_field_y,0.006491658795255034,0.0027438102452989922,0.003296239004377967,0.004472899514101047,0.004191607028958253,0.0042392429175982585,0.0014366468882979768
"[2.0, 2.0, 2.0, -1.0, -1.0, -1.0, -1.0, -1.0, -1.0]",4,game_rot_vec_x,0.0038838281492279566,0.0026939150523168113,0.006432770633632093,0.003885904517101976,0.003583784199210075,0.004096040510297782,0.0013944408574131724
"[-1.0, -1.0, -1.0, 2.0, -1.0, -1.0, 2.0, -1.0, 2.0]",4,game_rot_vec_x,0.0032267298078803826,0.004179476574817292,0.0035421730624784747,0.003101293469963173,0.005453805935977899,0.0039006957702234445,0.0009632863816133589
"[-1.0, -1.0, -1.0, -1.0, 2.0, -1.0, 2.0, 2.0, -1.0]",4,magn_field_z,0.006301377129008034,0.002192338226894079,0.0029558919681395707,0.0032326661105041097,0.004820336681299953,0.0039005220231691493,0.001648212181982987
"[-1.0, -1.0, -1.0, -1.0, 2.0, -1.0, -1.0, 2.0, 2.0]",3,game_rot_vec_y,0.0040212711317963185,0.0024500759764814295,0.0027283835566097175,0.008041744922667784,0.0021013264088626197,0.003868560399283574,0.002443051723830223
"[-1.0, -1.0, -1.0, 2.0, 2.0, 2.0, -1.0, -1.0, -1.0]",3,gravity_y,0.0032626794038566414,0.0015622602430863345,0.005137276808431252,0.003197042301224167,0.0056908249130703005,0.003770016733933739,0.0016597276706029453
"[2.0, -1.0, 2.0, -1.0, 2.0, -1.0, -1.0, -1.0, -1.0]",4,accelerometer_z,0.00422319857046619,0.005346739908308691,0.0036322899087886293,0.0021874735633544817,0.0033049768832550844,0.0037389357668346154,0.001164718124786604
"[2.0, -1.0, 2.0, -1.0, -1.0, -1.0, -1.0, -1.0, 2.0]",4,gyros_x,0.003271080367852568,0.0041148675520618384,0.005244127893931203,0.0020794048294540584,0.003953121425854359,0.003732520413830805,0.0011646382878233506
"[-1.0, -1.0, -1.0, -1.0, -1.0, 2.0, 2.0, 2.0, -1.0]",4,accelerometer_z,0.004000202891505265,0.0017633181339821156,0.004071606336312984,0.005847470654024399,0.0027203793370239454,0.003680595470569742,0.0015450205394939068
"[2.0, 2.0, -1.0, -1.0, -1.0, -1.0, -1.0, 2.0, -1.0]",4,magn_field_z,0.0038716230038524316,0.0033440901478522145,0.003849074819253787,0.003853046633782741,0.003454172717360044,0.0036744014644202435,0.0002544245860397401
"[2.0, 2.0, -1.0, -1.0, -1.0, -1.0, -1.0, -1.0, 2.0]",3,accelerometer_x,0.00441045606764843,0.004123391272486175,0.002032466128827303,0.006005058818484451,0.0016445718544136516,0.0036431888283720024,0.0018018477098118526
"[2.0, -1.0, -1.0, -1.0, 2.0, -1.0, -1.0, 2.0, -1.0]",1,game_rot_vec_z,0.0031233995114754256,0.0026306595264792816,0.004417389014215141,0.005983008712001371,0.0020224251527756155,0.0036353763833893668,0.0015808312099484046
"[2.0, -1.0, -1.0, -1.0, -1.0, -1.0, -1.0, 2.0, 2.0]",4,gravity_x,0.0012117227026390873,0.004214578304574722,0.004400256575827941,0.0026644214621638815,0.005476909365744288,0.0035935776821899843,0.0016673238486829183
"[-1.0, -1.0, -1.0, -1.0, -1.0, -1.0, 2.0, 2.0, 2.0]",4,magn_field_z,0.0030300021453959184,0.0028157671934845897,0.003791470195898768,0.0031766152685309326,0.0050076700596071305,0.003564304972583468,0.0008847313769769256
"[-1.0, -1.0, -1.0, -1.0, 2.0, -1.0, 2.0, -1.0, 2.0]",4,game_rot_vec_x,0.003580096734612938,0.0012377284085540233,0.0020496627842064375,0.004946673275982496,0.005765070448194885,0.003515846330310156,0.001900652417703011
"[-1.0, 2.0, 2.0, -1.0, -1.0, 2.0, -1.0, -1.0, -1.0]",4,accelerometer_x,0.004970576853769439,0.0030584341910956402,0.0017827280180826575,0.003233915041177805,0.004436976822923972,0.0034965261854099025,0.0012505265032560463
"[-1.0, -1.0, -1.0, -1.0, -1.0, 2.0, -1.0, 2.0, 2.0]",4,gravity_y,0.003163864162845682,0.004301625445779971,0.0033540477477552655,0.0013103602606737918,0.005300005815837866,0.003485980686578515,0.0014841203737921093
"[2.0, -1.0, -1.0, -1.0, -1.0, -1.0, 2.0, -1.0, 2.0]",4,accelerometer_z,0.0007781266842023019,0.0019774220646609497,0.005724855270956652,0.003927894726599716,0.004738257305543974,0.003429311210392719,0.0020228821900966348
"[-1.0, -1.0, -1.0, 2.0, 2.0, 2.0, -1.0, -1.0, -1.0]",4,gravity_y,0.003465557925873208,0.004303406931679879,0.0038700085739224125,0.002423209764575126,0.0029484427293829537,0.0034021251850867157,0.0007415103734983861
"[-1.0, -1.0, -1.0, 2.0, 2.0, -1.0, -1.0, 2.0, -1.0]",4,gyros_x,0.0064813422370703045,0.003495441665836759,0.0030344602430320156,0.00244643116199522,0.0014726778783943268,0.0033860706372657256,0.001888140114038733
"[-1.0, -1.0, -1.0, 2.0, -1.0, 2.0, -1.0, -1.0, 2.0]",4,lin_accel_y,0.0029440451178204385,0.006666558374545807,0.003084337026917749,0.0010296917574934168,0.0031343490941284978,0.003371796274181182,0.002041010527839612
"[2.0, -1.0, 2.0, 2.0, -1.0, -1.0, -1.0, -1.0, -1.0]",4,accelerometer_y,0.003341186300146969,0.0037486033657514062,0.0018991970696167527,0.004859299846382645,0.002631203730964843,0.0032958980625725233,0.0011229214656204335
"[2.0, 2.0, -1.0, -1.0, 2.0, -1.0, -1.0, -1.0, -1.0]",4,gyros_z,0.0035961326164146564,0.0016427349901474042,0.004237248932561022,0.0036100322921457,0.0033758462523622115,0.003292399016726199,0.0009765041221635928
"[-1.0, -1.0, -1.0, -1.0, 2.0, 2.0, 2.0, -1.0, -1.0]",4,game_rot_vec_z,0.002617198739609418,0.0043649253732419725,0.0031439039491724208,0.0031834367627428055,0.0030639428336881646,0.0032746815316909567,0.0006501450681788177
"[-1.0, 2.0, -1.0, -1.0, -1.0, 2.0, -1.0, -1.0, 2.0]",2,magn_field_x,0.0017830335649918233,0.0034596183040849237,0.0050275028579235175,0.0030371804436404937,0.002995731991020449,0.003260613432332241,0.0011688485706031853
"[2.0, -1.0, -1.0, -1.0, -1.0, -1.0, 2.0, -1.0, 2.0]",4,game_rot_vec_z,0.004577506929086963,0.005138569174722985,0.002100347240918331,0.0022119875182001684,0.0021546391188693352,0.0032366099963595566,0.0014939091799912056
"[2.0, -1.0, -1.0, 2.0, -1.0, -1.0, 2.0, -1.0, -1.0]",3,gravity_x,0.0031119311160103125,0.005216443846802516,0.0021273587193885047,0.0019925533291363985,0.0036918799045931837,0.0032280333831861832,0.0013153236467847622
"[-1.0, -1.0, -1.0, -1.0, -1.0, -1.0, 2.0, 2.0, 2.0]",4,gravity_z,0.003967155058976938,0.003228086030564751,0.002110460112079713,0.003577911149659151,0.0031511783052169777,0.003206958131299506,0.0006930676723737782
"[-1.0, 2.0, 2.0, -1.0, -1.0, 2.0, -1.0, -1.0, -1.0]",4,gyros_x,0.004187020614708584,0.004909893441168301,0.001840351495281532,0.003320585947236326,0.001638185280011245,0.003179207355681197,0.001431627906471235
"[-1.0, -1.0, -1.0, -1.0, 2.0, -1.0, -1.0, 2.0, 2.0]",4,accelerometer_y,0.0035633695380368046,0.003179981582044289,0.003328277356211696,0.003590551253634467,0.0022071921010230503,0.003173874366190062,0.0005664976391442017
"[-1.0, -1.0, 2.0, -1.0, 2.0, 2.0, -1.0, -1.0, -1.0]",2,accelerometer_x,0.002181867237548164,0.004116895816055647,0.0057171245849097566,0.0036910753640337387,0.00015534756734974332,0.00317246211397941,0.0021047850370291294
"[2.0, -1.0, 2.0, -1.0, 2.0, -1.0, -1.0, -1.0, -1.0]",4,game_rot_vec_z,0.0045990057596001725,0.001910251438091816,0.0023355955735852923,0.005697780797226497,0.0012386768158973427,0.0031562620768802244,0.001900262876199099
"[-1.0, -1.0, -1.0, 2.0, 2.0, 2.0, -1.0, -1.0, -1.0]",2,lin_accel_y,0.004170168014618685,0.004883744805541175,0.0024478248239059508,0.003031096571721457,0.0011918101890569127,0.0031449288809688365,0.0014481177944500336
"[-1.0, -1.0, -1.0, 2.0, -1.0, 2.0, 2.0, -1.0, -1.0]",3,gyros_z,0.005356697483722019,0.003294552533578364,0.0008981708817962803,0.003522732057402859,0.0025978757072917086,0.003134005732758246,0.0016127333114553187
"[2.0, -1.0, -1.0, 2.0, -1.0, -1.0, -1.0, -1.0, 2.0]",3,lin_accel_z,0.003391106129180418,0.0035948781084568014,0.0032612096695462315,0.002610185711179668,0.002714325218139857,0.0031143409673005953,0.0004310656668105353
"[-1.0, -1.0, -1.0, 2.0, 2.0, -1.0, 2.0, -1.0, -1.0]",3,gravity_z,0.005244089875477083,0.0012790258298233516,0.003082298870299749,0.00286503789312519,0.0030272521121884103,0.003099540916182757,0.0014119029752097762
"[2.0, -1.0, -1.0, 2.0, -1.0, 2.0, -1.0, -1.0, -1.0]",3,accelerometer_z,0.004022106271730413,0.0013674056158607922,0.004285253700792921,0.004819580426419997,0.0009400837628550293,0.0030868859555318305,0.0017943191407297297
"[-1.0, -1.0, 2.0, 2.0, -1.0, 2.0, -1.0, -1.0, -1.0]",2,game_rot_vec_z,0.004725175408394873,0.004657995241055282,0.0025318345907947544,0.002657444375425246,0.0008442770434062913,0.0030833453318152896,0.0016335628897676863
"[-1.0, -1.0, 2.0, -1.0, -1.0, 2.0, -1.0, 2.0, -1.0]",3,magn_field_z,0.004190531097390532,0.002765880772718783,0.003369898880662382,0.0024657746760504444,0.0024996586994101714,0.0030583488252464625,0.0007293347097078715
"[2.0, -1.0, -1.0, 2.0, -1.0, 2.0, -1.0, -1.0, -1.0]",4,gyros_z,0.006073411083675978,0.004082671050857206,0.0019124019040093973,0.0007841621998186323,0.0022860617602154017,0.003027741599715323,0.0020746505065428788
"[2.0, -1.0, -1.0, 2.0, -1.0, -1.0, -1.0, 2.0, -1.0]",3,lin_accel_y,0.0030585244457782216,0.002833617544881467,0.003313666771202251,0.002792829675113588,0.003106190370257263,0.003020965761446558,0.00021301009246342667
"[-1.0, -1.0, 2.0, -1.0, 2.0, -1.0, -1.0, 2.0, -1.0]",3,gyros_z,0.005071380580920903,0.002133073988930226,0.002930210214400036,0.0015746718117726887,0.0032044453459501177,0.0029827563883947942,0.0013340652595347157
"[2.0, -1.0, 2.0, -1.0, -1.0, -1.0, 2.0, -1.0, -1.0]",3,gravity_y,0.0032100937080653345,0.002513159595358379,0.0032403899276232575,0.004032610736763478,0.0017610065180647372,0.0029514520971750374,0.0008556496874709801
"[-1.0, -1.0, -1.0, 2.0, -1.0, -1.0, 2.0, -1.0, 2.0]",3,gyros_x,0.003560291761318533,0.0010494289363611495,0.0030990268915479327,0.0037658593444996765,0.0032123726599658994,0.0029373959187386383,0.0010886352677391355
"[-1.0, -1.0, -1.0, 2.0, -1.0, -1.0, -1.0, 2.0, 2.0]",3,gyros_y,0.0023922828225218613,0.002463412374820585,0.00288393899046471,0.004527751934574124,0.0023358292472144063,0.0029206430739191374,0.0009239017479009569
"[-1.0, -1.0, -1.0, -1.0, -1.0, 2.0, 2.0, -1.0, 2.0]",4,magn_field_x,0.0025803766934189877,0.003626929267219252,0.003291768143705998,0.0033985032464917807,0.0016998303051877473,0.002919481531204753,0.0007859838784750478
"[-1.0, -1.0, -1.0, 2.0, -1.0, -1.0, -1.0, 2.0, 2.0]",4,gyros_y,0.0023169885188025615,0.0022089586340330626,0.004905737931091756,0.0019738448699762054,0.0030654170369619747,0.002894189398173112,0.0011963885771797177
"[-1.0, -1.0, -1.0, -1.0, 2.0, 2.0, -1.0, 2.0, -1.0]",4,magn_field_x,0.004865775624435056,0.0030393575575541876,0.002988323561290134,0.001090935574971064,0.002453168101888669,0.002887512084027822,0.0013567505744238588
"[2.0, -1.0, -1.0, 2.0, -1.0, -1.0, 2.0, -1.0, -1.0]",4,lin_accel_x,0.002048776864441182,0.0013946240089866978,0.0024316528621815903,0.0040869650809028674,0.00446955027625048,0.002886313818552563,0.0013305566840123922
"[-1.0, -1.0, 2.0, -1.0, -1.0, 2.0, -1.0, -1.0, 2.0]",3,game_rot_vec_x,0.0022442054968988974,0.001752678573960777,0.0029138539880742566,0.00455385432230904,0.002823612677530611,0.0028576410117547167,0.0010581472653842159
"[2.0, -1.0, 2.0, 2.0, -1.0, -1.0, -1.0, -1.0, -1.0]",4,game_rot_vec_y,0.0029691191517535746,0.002614760725400174,0.002876506708945592,0.0037120282193868715,0.0019857146779778505,0.0028316258966928124,0.0006242241634157527
"[2.0, -1.0, -1.0, 2.0, -1.0, -1.0, 2.0, -1.0, -1.0]",3,lin_accel_x,0.0020218887288871064,0.0041293240255457705,0.0034287494218665305,0.0011617379380473246,0.003338226013355051,0.0028159852255403564,0.0011979354676412304
"[2.0, -1.0, -1.0, -1.0, 2.0, 2.0, -1.0, -1.0, -1.0]",4,game_rot_vec_x,0.0035062720939995342,0.0020621973759245298,0.0012613204708355487,0.004197691679554083,0.003008314048863825,0.0028071591338355044,0.0011626895742616829
"[-1.0, -1.0, 2.0, -1.0, -1.0, -1.0, 2.0, -1.0, 2.0]",3,accelerometer_z,0.005414492320175419,0.0019831601798276947,0.00389488036474856,0.0015535304738828143,0.0009554133783720135,0.0027602953434013003,0.0018472861298833051
"[2.0, -1.0, -1.0, -1.0, -1.0, -1.0, 2.0, -1.0, 2.0]",3,accelerometer_z,0.0020505559697214697,0.0029836287211194665,0.002533154330617061,0.004200122374920779,0.0020214906873344024,0.0027577904167426356,0.0008977894579292503
"[-1.0, 2.0, -1.0, 2.0, -1.0, 2.0, -1.0, -1.0, -1.0]",4,lin_accel_z,0.003160439177667877,0.0016098037780081505,0.0033583678379995956,0.004301179614317396,0.0011963959743268983,0.0027252372764639834,0.0012899027939730964
"[-1.0, -1.0, 2.0, -1.0, -1.0, 2.0, -1.0, -1.0, 2.0]",4,game_rot_vec_x,0.0020180870207546185,0.0014899731964893915,0.0039924568202052944,0.001101964182025416,0.004974863244960955,0.0027154688928871353,0.0016827908094992682
"[2.0, -1.0, -1.0, -1.0, 2.0, -1.0, -1.0, 2.0, -1.0]",2,game_rot_vec_z,0.000882309666525426,0.0008445271609131323,0.002753140281121777,0.0026962829082993124,0.0063831840921900465,0.0027118888218099386,0.002253594553584677
"[-1.0, 2.0, -1.0, 2.0, 2.0, -1.0, -1.0, -1.0, -1.0]",4,lin_accel_y,0.001887213018379923,0.0031429547449997037,0.00259927478563725,0.0047600935332181935,0.0011583691456173186,0.002709581045570478,0.001368130953805065
"[-1.0, 2.0, -1.0, -1.0, 2.0, 2.0, -1.0, -1.0, -1.0]",3,gravity_x,0.0015503934161027444,0.0036248275595746216,0.0008713690736960921,0.003558655863039214,0.003711841244286721,0.0026634174313398787,0.0013486301893445634
"[-1.0, 2.0, -1.0, -1.0, 2.0, 2.0, -1.0, -1.0, -1.0]",4,magn_field_x,0.0039032397721467053,0.0015483360744674001,0.0011589569737861843,0.003962455414661044,0.0027006012949273746,0.0026547179059977417,0.0012973502852610278
"[2.0, 2.0, -1.0, -1.0, -1.0, -1.0, -1.0, 2.0, -1.0]",3,magn_field_z,0.004334787166698987,0.001962766532918228,0.0015884885549902344,0.0019957790704448917,0.003326967009196452,0.002641757666849759,0.0011536413934978987
"[2.0, -1.0, 2.0, -1.0, -1.0, -1.0, -1.0, -1.0, 2.0]",4,accelerometer_x,0.0013015248435856131,0.002733332986294467,0.0022480180365290147,0.004094448834041705,0.002679268226671728,0.0026113185854245054,0.0010083063692544903
"[2.0, -1.0, 2.0, -1.0, -1.0, -1.0, -1.0, -1.0, 2.0]",3,gyros_x,0.0019677446217294973,0.0013278888886733209,0.003210211923098181,0.003527091725937217,0.0030197266776292235,0.002610532767413488,0.0009254035593015536
"[2.0, -1.0, -1.0, -1.0, -1.0, -1.0, -1.0, 2.0, 2.0]",3,gravity_x,0.002993255076604904,0.0026138387576415322,0.0025401046444286537,0.003351040287810383,0.0014542143535465847,0.0025904906240064116,0.0007132430582349969
"[-1.0, -1.0, -1.0, -1.0, 2.0, 2.0, 2.0, -1.0, -1.0]",3,gyros_z,0.0030070988748108355,0.003408138211324899,0.0017628703385996277,0.0030823084560482493,0.0016536982048154583,0.002582822817119814,0.0008133628017002304
"[-1.0, -1.0, -1.0, 2.0, -1.0, -1.0, 2.0, -1.0, 2.0]",4,gyros_x,0.0025830510380523545,0.0018826305951039758,0.004020537717961166,0.003317929256295366,0.0011076031513490374,0.00258235035175238,0.0011482537566925388
"[2.0, -1.0, -1.0, 2.0, 2.0, -1.0, -1.0, -1.0, -1.0]",4,gyros_y,0.0028236233611298412,0.003221097394069404,0.0014443964194577903,0.002903430648381678,0.0024815778930979034,0.0025748251432273234,0.0006844914357823661
"[-1.0, -1.0, -1.0, -1.0, 2.0, -1.0, 2.0, -1.0, 2.0]",3,game_rot_vec_x,0.0021379100810272815,0.00143745065629038,0.0017680886849052201,0.0032567728066945295,0.004209265937375606,0.002561897633258603,0.0011479277994513556
"[-1.0, -1.0, 2.0, 2.0, -1.0, 2.0, -1.0, -1.0, -1.0]",4,gyros_z,0.002485974383849088,0.0030388345277400533,0.0031274650731614295,0.0021673349793728714,0.0019840584509720673,0.002560733483019102,0.0005105562413668963
"[2.0, 2.0, -1.0, -1.0, 2.0, -1.0, -1.0, -1.0, -1.0]",3,game_rot_vec_z,0.004282747920775178,0.0021572115069576625,0.0020414734040472542,0.0030388782918352735,0.0012790754868130631,0.002559877322085686,0.001147721737944107
"[-1.0, -1.0, -1.0, -1.0, 2.0, 2.0, -1.0, 2.0, -1.0]",4,lin_accel_x,0.001245129154688321,0.003032417361657226,0.002246791021208202,0.004678571657961943,0.001492639960596966,0.0025391098312225312,0.0013852422798664077
"[2.0, -1.0, 2.0, -1.0, -1.0, -1.0, 2.0, -1.0, -1.0]",4,gravity_y,0.00288913980283753,0.0033311324840503004,0.003586273220053014,0.0010386232860825021,0.0017022555717375594,0.0025094848729521812,0.0010947338443121548
"[-1.0, 2.0, -1.0, 2.0, -1.0, 2.0, -1.0, -1.0, -1.0]",4,gravity_z,0.001231432747139272,0.0028459193798289354,0.0038488993514222036,0.0019703770961533103,0.0026335983251021076,0.0025060453799291655,0.0009806399380373689
"[-1.0, 2.0, -1.0, 2.0, -1.0, -1.0, 2.0, -1.0, -1.0]",3,gyros_x,0.004299150229074517,0.0036431778957430067,0.0024741923200383154,0.0019779237792858237,8.463397113563639e-05,0.0024958156390554593,0.001631788311461074
"[-1.0, -1.0, -1.0, 2.0, -1.0, 2.0, -1.0, -1.0, 2.0]",3,lin_accel_y,0.003694094604633107,0.0030454554752549576,0.0016543772594786374,0.0020368291959892977,0.002026950676718029,0.0024915414424148056,0.0008479986054749307
"[-1.0, -1.0, 2.0, -1.0, -1.0, 2.0, -1.0, -1.0, 2.0]",3,accelerometer_x,0.0021176068346954865,0.0015193048052795843,0.004292791765651541,0.0022201860901662194,0.002095194167537761,0.0024490167326661184,0.0010666837665399024
"[2.0, -1.0, -1.0, -1.0, 2.0, -1.0, 2.0, -1.0, -1.0]",2,game_rot_vec_y,0.0018873374625412347,0.0025106093313603424,0.0033050927725302905,0.0008467350991464148,0.003569285870471301,0.0024238121072099167,0.0011035484181995431
"[2.0, -1.0, 2.0, -1.0, 2.0, -1.0, -1.0, -1.0, -1.0]",3,game_rot_vec_z,0.002971870948141402,0.002779082223404165,0.001549062522277122,0.00432842684303858,0.00038388548403524465,0.002402465604179303,0.001498194892098343
"[2.0, -1.0, -1.0, -1.0, -1.0, 2.0, 2.0, -1.0, -1.0]",1,magn_field_y,0.001958444535778654,0.0012328464757903888,0.002962921602587141,0.003218513482230224,0.0025991303793743304,0.0023943712951521477,0.0008036725273251865
"[-1.0, -1.0, -1.0, 2.0, 2.0, -1.0, 2.0, -1.0, -1.0]",2,gravity_z,0.003853556205514514,0.002733272844659993,0.0010397253671565042,0.0027374767171714064,0.0015943904698462942,0.002391684320869743,0.001099635735760404
"[-1.0, -1.0, -1.0, -1.0, -1.0, 2.0, 2.0, -1.0, 2.0]",4,gravity_x,0.002486772634338617,0.0032572338880776713,0.0017537299035565736,0.0021986290289938842,0.002174148187609892,0.002374102728515328,0.0005586256421495322
"[-1.0, 2.0, -1.0, 2.0, -1.0, -1.0, 2.0, -1.0, -1.0]",4,gyros_x,0.002652874070123676,0.001983626063479276,0.0027769940944415926,0.0020000212616389816,0.0024404349922867714,0.0023707900963940596,0.000366329423128035
"[-1.0, -1.0, 2.0, -1.0, -1.0, -1.0, 2.0, -1.0, 2.0]",4,accelerometer_z,0.001162858992014237,0.0015212211916129522,0.0013163782257709328,0.002713398455282011,0.005077189952642355,0.002358209363464497,0.0016381268697116878
"[-1.0, -1.0, 2.0, -1.0, 2.0, -1.0, 2.0, -1.0, -1.0]",4,gyros_y,0.006376887128435446,0.001790454459981805,0.0008984060026349795,0.0013309120046749714,0.0013445467201875629,0.002348241263182953,0.0022740656028369484
"[-1.0, -1.0, 2.0, 2.0, 2.0, -1.0, -1.0, -1.0, -1.0]",2,game_rot_vec_y,0.00017775452821552353,0.0036510465597804644,0.002797284965464164,0.003541801655278817,0.001491348357805071,0.002331847213308808,0.0014804950684299087
"[-1.0, -1.0, 2.0, 2.0, -1.0, -1.0, -1.0, -1.0, 2.0]",1,gravity_z,0.0018578221032192542,0.003254947102732912,0.0030394412649003806,0.0006093558028234906,0.0028815517213707674,0.0023286235990093614,0.0011007500056361076
"[2.0, -1.0, -1.0, -1.0, 2.0, -1.0, 2.0, -1.0, -1.0]",3,accelerometer_y,0.0024726297103092295,0.004253136994447482,0.0026502631821484503,0.0018013695556608727,0.00038566418488972443,0.0023126127254911514,0.0014035444383367181
"[2.0, -1.0, 2.0, -1.0, -1.0, -1.0, -1.0, -1.0, 2.0]",2,gyros_x,0.003548134203990634,0.002596611913608875,0.00280149282637843,0.002474456132211098,0.00012977536226886177,0.0023100940876915796,0.0012881297625457575
"[-1.0, -1.0, 2.0, -1.0, 2.0, 2.0, -1.0, -1.0, -1.0]",2,game_rot_vec_x,0.00042974370541828553,0.001957376234239758,0.002872113671473518,0.000956497702663305,0.005304099924661599,0.002303966247691293,0.0019217244749228633
"[-1.0, -1.0, -1.0, 2.0, -1.0, 2.0, -1.0, 2.0, -1.0]",4,lin_accel_x,0.0010267823824077812,0.0033581354628814493,0.002403856226247297,0.002387124840964165,0.002326487836307306,0.0023004773497615994,0.0008306339565892087
"[-1.0, -1.0, -1.0, 2.0, 2.0, -1.0, 2.0, -1.0, -1.0]",4,magn_field_z,0.0018587973923871802,0.0030374422394703633,0.0022944452958471922,0.002730967106905081,0.001437698361304733,0.0022718700791829103,0.0006449519271547379
"[-1.0, -1.0, 2.0, -1.0, -1.0, -1.0, 2.0, -1.0, 2.0]",4,game_rot_vec_z,0.0018038255854005414,0.002615455971572483,0.0013244816269066093,0.0031325136136468317,0.0024673220190348406,0.0022687197633122613,0.0007094929395123725
"[2.0, 2.0, -1.0, 2.0, -1.0, -1.0, -1.0, -1.0, -1.0]",4,gyros_y,0.000683789463299929,0.001446102456739154,0.0021394525267667,0.0045972062886373045,0.002447929112844269,0.002262895969657471,0.001471326715428308
"[2.0, -1.0, 2.0, -1.0, -1.0, -1.0, -1.0, 2.0, -1.0]",4,magn_field_z,0.0010450993245054564,0.0017557147916295785,0.0026599224825728305,0.0030970833695118547,0.0026935268017261966,0.0022502693539891835,0.0008334275377522092
"[-1.0, -1.0, -1.0, -1.0, 2.0, -1.0, 2.0, 2.0, -1.0]",3,magn_field_z,0.0022146771729875713,0.002632793773003886,0.0025155893063493486,0.0030802878772582054,0.0007680756286282248,0.002242284751645447,0.0008808371913565432
"[2.0, -1.0, -1.0, -1.0, 2.0, -1.0, 2.0, -1.0, -1.0]",4,accelerometer_y,0.0012768695790638415,0.0031056732845821684,0.001911383596805896,0.00335424349827248,0.0014958642360452163,0.0022288068389539205,0.0009459980652977332
"[-1.0, -1.0, -1.0, 2.0, -1.0, -1.0, -1.0, 2.0, 2.0]",4,game_rot_vec_y,0.002639106794756095,0.0016298301044605184,0.003068584180966806,0.001289417501323061,0.0023921003559438437,0.002203807787490065,0.0007311527719685014
"[-1.0, 2.0, 2.0, -1.0, -1.0, 2.0, -1.0, -1.0, -1.0]",3,accelerometer_x,0.0010317095867152697,0.002443446863824404,0.001270147681882523,0.002473055325312045,0.0037917768292527027,0.002202027257397389,0.0011064680671794903
"[2.0, -1.0, -1.0, -1.0, 2.0, -1.0, 2.0, -1.0, -1.0]",1,game_rot_vec_y,0.0025483987506574033,0.001318943490614072,0.0013406580855171261,0.0028968783773161756,0.002866702506566123,0.00219431624213418,0.000800949587629121
"[2.0, 2.0, 2.0, -1.0, -1.0, -1.0, -1.0, -1.0, -1.0]",3,game_rot_vec_x,0.002507283079501067,0.0035946479335229476,0.0010691641792132023,0.002970075104814881,0.0006894669247229888,0.0021661274443550175,0.0012437086165410591
"[-1.0, -1.0, -1.0, 2.0, -1.0, 2.0, -1.0, 2.0, -1.0]",4,gravity_x,0.00117844319455299,0.0016729899285467175,0.0022998235724514286,0.001977897050556038,0.00368766971779912,0.0021633646927812587,0.0009469771444599946
"[-1.0, -1.0, 2.0, -1.0, -1.0, -1.0, -1.0, 2.0, 2.0]",4,gravity_x,0.000841398793691516,0.004283512516192607,0.001860574358214345,0.00218552658626302,0.001527023878699951,0.0021396072266122875,0.0012977770718977202
"[2.0, -1.0, 2.0, -1.0, -1.0, 2.0, -1.0, -1.0, -1.0]",4,magn_field_x,0.0014428472490275808,0.003816917603681934,0.00047848498492586585,0.0023254885602163777,0.0026162941874349364,0.0021360065170573385,0.0012569694877431349
"[-1.0, -1.0, -1.0, 2.0, 2.0, -1.0, -1.0, -1.0, 2.0]",2,gyros_y,0.001615837322982338,0.0021808630296195836,0.0007672589686786371,0.003968505373839867,0.002103222569013202,0.002127137452826726,0.0011731146037614556
"[2.0, -1.0, -1.0, -1.0, -1.0, 2.0, -1.0, -1.0, 2.0]",3,accelerometer_x,0.0034832356675233824,0.002045329174437588,0.0006761435151627584,0.0024334328111118866,0.0019268051251484872,0.0021129892586768204,0.0010104488359740857
"[2.0, 2.0, -1.0, 2.0, -1.0, -1.0, -1.0, -1.0, -1.0]",3,game_rot_vec_y,0.002790730502226293,0.0013882877470286685,0.003336187707233885,0.002768560241837391,0.00027059352749692734,0.002110871945164633,0.0012554792758041624
"[-1.0, -1.0, 2.0, -1.0, -1.0, 2.0, 2.0, -1.0, -1.0]",4,magn_field_y,0.0026009264658292813,0.0014910225343790738,0.002225420924805528,0.003201131794591241,0.0010088535279950848,0.002105471049520042,0.0008718448079640695
"[2.0, 2.0, -1.0, -1.0, -1.0, -1.0, 2.0, -1.0, -1.0]",4,magn_field_y,0.0034607211877225007,0.0025929673380939242,0.001864976386643536,0.0018823713100424497,0.0007222384417552727,0.0021046549328515365,0.0010118418678392623
"[2.0, -1.0, 2.0, -1.0, -1.0, -1.0, -1.0, 2.0, -1.0]",4,gravity_z,0.0017893889256249457,0.002276433928530841,0.0008735388826308606,0.002020945687761186,0.0035476358443985263,0.002101588653789272,0.0009661394239764627
"[-1.0, -1.0, 2.0, 2.0, -1.0, -1.0, 2.0, -1.0, -1.0]",4,gravity_x,0.0025828491202773834,0.0035460877802423896,0.0010729331428243694,0.002367120080704131,0.0009127757660680485,0.0020963531780232646,0.001102266697857836
"[-1.0, -1.0, -1.0, 2.0, -1.0, 2.0, 2.0, -1.0, -1.0]",4,gyros_z,0.0011012653994833786,0.00036612145913697574,0.0035110123069650107,0.0011422448898861768,0.004346555489440535,0.0020934399089824153,0.0017290786976924197
"[-1.0, -1.0, 2.0, -1.0, 2.0, -1.0, -1.0, 2.0, -1.0]",4,gyros_z,0.001978776768089789,0.0025292805193511737,0.0015687477314136888,0.0014371115734843154,0.002938648360199721,0.0020905129905077376,0.0006370847530854631
"[-1.0, -1.0, 2.0, -1.0, 2.0, -1.0, -1.0, -1.0, 2.0]",2,magn_field_x,0.0025945680105917725,0.001548481776893805,0.001975397660607832,0.0025975023954195615,0.0016443359067008958,0.0020720571500427733,0.0005038675410146389
"[-1.0, -1.0, -1.0, -1.0, 2.0, -1.0, 2.0, 2.0, -1.0]",4,lin_accel_z,0.0010963643387536808,0.0011306600585321278,0.0023781511065736,0.003986559065448868,0.0017348479805397439,0.0020653165099696045,0.001194853430664004
"[2.0, -1.0, -1.0, -1.0, 2.0, 2.0, -1.0, -1.0, -1.0]",3,accelerometer_x,0.002050972741729842,0.0029743244064398197,0.0008455607779258412,0.003215286194858764,0.001025554637537757,0.002022339751698405,0.0010849660322051202
"[-1.0, -1.0, 2.0, 2.0, -1.0, 2.0, -1.0, -1.0, -1.0]",4,accelerometer_z,0.0025657919566957304,0.003355490951633631,0.0014799241722619995,0.00027540944647360175,0.0022445211071199494,0.0019842275268369828,0.0011684085778753575
"[-1.0, -1.0, 2.0, -1.0, -1.0, -1.0, 2.0, 2.0, -1.0]",3,game_rot_vec_y,0.00039873956798834576,0.0017596482156197924,0.0020502443756072477,0.0035256253301886725,0.00207161940894566,0.001961175379669944,0.0011123683833147652
"[2.0, -1.0, 2.0, -1.0, -1.0, 2.0, -1.0, -1.0, -1.0]",3,gravity_x,0.0026567218445527323,0.0025620236618419047,0.0014146861389780884,0.0017545011788027177,0.001383971178076875,0.001954380800450464,0.000616259303641505
"[-1.0, 2.0, -1.0, -1.0, -1.0, 2.0, -1.0, -1.0, 2.0]",3,magn_field_x,0.0016954151355880812,0.001622650702963871,0.0021432700791944367,0.0027789156174982746,0.0015008450276034896,0.0019482193125696305,0.0005239632083677105
"[-1.0, -1.0, 2.0, -1.0, -1.0, 2.0, -1.0, 2.0, -1.0]",4,magn_field_z,0.0015601254193319848,9.379274408910309e-05,0.003436768299016668,0.001131052177810373,0.003510968312062857,0.0019465413904621973,0.0014929187299834897
"[-1.0, -1.0, -1.0, -1.0, -1.0, 2.0, 2.0, -1.0, 2.0]",3,magn_field_x,0.0022216124825566123,0.0028725258716829714,0.0013041850104199859,0.002438305747957351,0.0008940299806615891,0.0019461318186557019,0.000820875248814705
"[-1.0, -1.0, -1.0, 2.0, -1.0, 2.0, -1.0, -1.0, 2.0]",4,gravity_y,0.0029985763312324813,0.0009181307486731984,0.0017822801697693856,0.0017352356289540047,0.002274168315335938,0.0019416782387930015,0.0007653853586426057
"[-1.0, -1.0, 2.0, -1.0, 2.0, -1.0, 2.0, -1.0, -1.0]",2,game_rot_vec_y,0.0017326429097388294,0.0023532309902983234,0.0007127090446718996,0.002965664979653432,0.00192819568480965,0.001938488721834427,0.0008324837049142153
"[-1.0, -1.0, -1.0, -1.0, -1.0, -1.0, 2.0, 2.0, 2.0]",3,magn_field_z,0.0011375187898926883,0.0009704501741258974,0.002901129866925997,0.0024172085579698688,0.0021499626320417593,0.001915254004191242,0.0008331452561882191
"[-1.0, 2.0, -1.0, -1.0, 2.0, 2.0, -1.0, -1.0, -1.0]",3,magn_field_x,0.001988326909752987,0.0015334348402521504,0.0019277989564449676,0.0032332723907805287,0.000892143265002717,0.0019149952724466699,0.0008566228190728358
"[-1.0, -1.0, 2.0, -1.0, 2.0, -1.0, -1.0, 2.0, -1.0]",4,game_rot_vec_z,0.002408040686355683,0.0034371338497269526,0.0020026213181697054,0.0003496776984145812,0.0013701248324536224,0.0019135196770241087,0.0011526892436334775
"[2.0, -1.0, -1.0, 2.0, 2.0, -1.0, -1.0, -1.0, -1.0]",4,accelerometer_y,0.0023736628564534215,0.0014943847183036033,0.002001317299658203,0.0015660372803053828,0.0020845857214360727,0.0019039975752313365,0.0003690083119675429
"[-1.0, -1.0, 2.0, 2.0, -1.0, -1.0, -1.0, -1.0, 2.0]",1,lin_accel_z,0.002608276875295238,0.0011304332486654378,0.0031797393692634974,0.0016024274620460152,0.00099191988448331,0.0019025593679507,0.0009545611727123879
"[-1.0, 2.0, 2.0, -1.0, -1.0, -1.0, 2.0, -1.0, -1.0]",4,accelerometer_y,0.0006534940162015773,0.0013045244814550276,0.002439601033951114,0.002768712248282943,0.0023396849893690353,0.0019012033538519393,0.0008870617448300285
"[-1.0, 2.0, -1.0, -1.0, 2.0, -1.0, 2.0, -1.0, -1.0]",4,magn_field_y,0.0008169632514570337,0.0016973970938833499,0.0019056019463275188,0.0034932474095331453,0.0015783854800512412,0.0018983190362504578,0.0009818231762000734
"[2.0, 2.0, -1.0, -1.0, -1.0, -1.0, -1.0, -1.0, 2.0]",2,accelerometer_x,0.0034450238400172482,0.0010455810420228855,0.0033626565124066834,0.0010773469672669814,0.00024468596574886377,0.0018350588654925328,0.0014707336863582783
"[2.0, -1.0, -1.0, 2.0, 2.0, -1.0, -1.0, -1.0, -1.0]",3,accelerometer_y,0.0015616434595591261,0.0033344203478122714,0.0011943508398388379,0.0020898908310445106,0.0009544363755937042,0.0018269483707696905,0.0009451790852481714
"[2.0, -1.0, -1.0, -1.0, -1.0, 2.0, -1.0, -1.0, 2.0]",4,accelerometer_x,0.0024923255971287285,0.0021050750929628333,0.0018998544108371107,0.0017602529565063267,0.0008293378699620048,0.0018173691854794006,0.0006173760611015087
"[2.0, -1.0, -1.0, 2.0, -1.0, -1.0, -1.0, 2.0, -1.0]",2,lin_accel_y,0.001488297722974572,0.0017098176779917528,0.001180990862572893,0.002427204166887137,0.002278990814604524,0.001817060249006176,0.0005267412742227479
"[-1.0, -1.0, -1.0, 2.0, 2.0, 2.0, -1.0, -1.0, -1.0]",4,magn_field_y,0.0012633748506950106,0.001813453604081458,0.0020572785980219168,0.0012348815111434658,0.0027032509222327836,0.0018144478972349268,0.0006100240269077148
"[-1.0, 2.0, -1.0, -1.0, -1.0, -1.0, -1.0, 2.0, 2.0]",4,gyros_x,0.0037734441400089063,0.0003897603663137264,0.0017121605470323288,0.0006908281644745259,0.0024993129110290405,0.0018131012257717057,0.0013792584842338292
"[-1.0, -1.0, -1.0, -1.0, 2.0, 2.0, -1.0, -1.0, 2.0]",3,magn_field_y,0.0022880181822030232,0.0035975890637312932,0.001755125957193839,0.0009399567735430658,0.00048193236408624327,0.0018125244681514927,0.0012193947474700515
"[-1.0, -1.0, 2.0, 2.0, 2.0, -1.0, -1.0, -1.0, -1.0]",4,gyros_y,0.002092896438625305,0.0007651771192478079,0.0016279024859264233,0.0021342385215517945,0.002441190108887455,0.001812280934847757,0.0006535193782242648
"[-1.0, -1.0, -1.0, 2.0, 2.0, -1.0, -1.0, 2.0, -1.0]",3,gyros_x,0.0017596700335365274,0.001578249903360196,0.0011112618342659513,0.0028302485262915993,0.0017540420692416243,0.0018066944733391797,0.0006301706018913783
"[-1.0, -1.0, -1.0, -1.0, 2.0, 2.0, -1.0, -1.0, 2.0]",4,magn_field_y,0.0019999391073088073,0.0013981058249647141,0.0026473255792194782,0.001917834629471657,0.001038291642179327,0.001800299356628797,0.0006151299427688009
"[2.0, -1.0, -1.0, 2.0, -1.0, -1.0, 2.0, -1.0, -1.0]",4,gravity_x,0.0024261295990424367,0.0012964601678687,0.0018833779802237293,0.0017740026506206743,0.0015753074885924948,0.0017910555772696068,0.0004193164372802215
"[2.0, -1.0, -1.0, -1.0, -1.0, -1.0, -1.0, 2.0, 2.0]",2,gravity_x,0.0022289682250169083,0.00216502956840348,0.0017153016575798892,0.001261489318419471,0.0014569299067978406,0.0017655437352435178,0.0004260835614092974
"[2.0, 2.0, 2.0, -1.0, -1.0, -1.0, -1.0, -1.0, -1.0]",4,gyros_x,0.0028602242446875035,0.00220867791071602,0.0005709437893943908,0.0023328258102281872,0.000839823357177254,0.0017624990224406711,0.0010000603938558879
"[2.0, -1.0, -1.0, -1.0, -1.0, 2.0, -1.0, -1.0, 2.0]",1,game_rot_vec_x,0.0004585951648037547,0.0011391597620004097,0.0032493338949951896,0.002570221404991154,0.0013110503556693737,0.0017456721164919764,0.0011351432358951926
"[-1.0, -1.0, -1.0, 2.0, 2.0, 2.0, -1.0, -1.0, -1.0]",2,gravity_y,0.0019161160853569798,0.0011683760278058614,0.002045450158641987,0.0022974298744310112,0.001289625720633333,0.0017433995733738346,0.0004910646371534211
"[-1.0, -1.0, 2.0, -1.0, -1.0, 2.0, -1.0, -1.0, 2.0]",4,accelerometer_x,0.0016400127494518488,0.0009522811395144661,0.001281321726054815,0.0026979910487724772,0.002138936588869488,0.0017421086505326193,0.00069241592122398
"[-1.0, -1.0, 2.0, -1.0, 2.0, -1.0, -1.0, 2.0, -1.0]",3,accelerometer_z,0.0025842099159773977,0.002355859724670949,0.001409385239304491,0.0021191069155921498,0.00019602516372274414,0.0017329173918535462,0.0009654803512387606
"[-1.0, 2.0, -1.0, -1.0, 2.0, 2.0, -1.0, -1.0, -1.0]",2,gravity_x,0.0008457801232775103,0.0022568647760015568,0.0019577813344738085,0.0027862389533370633,0.0008045783810911157,0.0017302487136362107,0.0008779751148117931
"[2.0, -1.0, -1.0, -1.0, 2.0, 2.0, -1.0, -1.0, -1.0]",3,game_rot_vec_x,0.0007709790817945568,0.0017569129781025128,0.001778082696373871,0.001992524239478179,0.002325756558255309,0.001724851110800886,0.0005801873993276707
"[2.0, -1.0, -1.0, -1.0, -1.0, 2.0, 2.0, -1.0, -1.0]",1,lin_accel_y,0.0015908860137884711,0.0021403076957501157,0.0016279814185159356,0.0007938309343454127,0.002464011662763773,0.0017234035450327417,0.0006350356233689961
"[-1.0, 2.0, -1.0, -1.0, 2.0, -1.0, 2.0, -1.0, -1.0]",3,magn_field_y,0.0011825401049808107,0.0017076644616042687,0.0021389555470562004,0.0010285588598914512,0.00255783558048103,0.0017231109108027521,0.0006412000421076077
"[2.0, -1.0, 2.0, -1.0, -1.0, 2.0, -1.0, -1.0, -1.0]",3,magn_field_x,0.0010796587282053867,0.0014795235947867966,0.002041027966710065,0.0029624297803497947,0.0009346399656186704,0.001699456007134143,0.0008260200762885437
"[-1.0, -1.0, -1.0, 2.0, -1.0, -1.0, 2.0, -1.0, 2.0]",3,game_rot_vec_x,0.0023177661237694836,0.002251671846898935,0.001515589762981715,0.00013725136360782312,0.0022155570323683232,0.0016875672259252558,0.0009256340300935986
"[-1.0, 2.0, 2.0, 2.0, -1.0, -1.0, -1.0, -1.0, -1.0]",4,gravity_y,0.0032182850611848775,0.0002273930746829538,0.0017736828732252035,0.0014997964429644506,0.0015656004316557835,0.001656951576742654,0.0010639629603294107
"[-1.0, -1.0, -1.0, 2.0, -1.0, -1.0, 2.0, 2.0, -1.0]",4,gravity_z,0.0024046626808592996,0.0007256948079904869,0.0013295619207250309,0.0005339095136411647,0.00325885863648786,0.0016505375119407685,0.0011576505359837403
"[-1.0, -1.0, -1.0, -1.0, -1.0, 2.0, 2.0, 2.0, -1.0]",4,game_rot_vec_z,0.0016058549539052101,0.0018688887754627194,0.0011301726848527594,0.00111917729177227,0.0025194851407641062,0.0016487157693514131,0.0005826341969944508
"[2.0, 2.0, -1.0, -1.0, -1.0, 2.0, -1.0, -1.0, -1.0]",3,magn_field_x,0.0020017200739127572,0.0013938420161250524,0.0008679337672492255,0.0009799922609068186,0.002811626861656915,0.0016110229959701537,0.0008049290057913491
"[-1.0, -1.0, 2.0, -1.0, -1.0, -1.0, 2.0, -1.0, 2.0]",3,game_rot_vec_z,0.0018630478097920592,0.0007692222782867376,0.001236666116459366,0.0020504465426583666,0.0021247844711413384,0.0016088334436675737,0.0005850871653798745
"[-1.0, 2.0, -1.0, -1.0, 2.0, -1.0, 2.0, -1.0, -1.0]",4,gravity_y,0.002139322573479408,0.0011181061476553747,0.0025229111224516804,0.001079451666814026,0.0011733545045641664,0.001606629202992931,0.0006759498275452462
"[-1.0, -1.0, -1.0, 2.0, 2.0, -1.0, 2.0, -1.0, -1.0]",2,lin_accel_z,0.0015713466517874933,0.0016882515877240762,0.0015676664949004454,0.003002471104757887,0.00015574218435938244,0.0015970956047058568,0.0010077721062833752
"[2.0, -1.0, -1.0, -1.0, 2.0, 2.0, -1.0, -1.0, -1.0]",2,game_rot_vec_x,0.003609429390227741,0.0003952314844692209,0.0012043015464925136,0.0025294189764939966,0.00018025424172029694,0.001583727127880754,0.001459796607118505
"[2.0, -1.0, -1.0, 2.0, -1.0, 2.0, -1.0, -1.0, -1.0]",3,gyros_z,0.001382851298826598,0.0014185448764128805,0.0016081985444721583,0.0010327685702290269,0.002467740215756604,0.0015820207011394533,0.0005369485630515576
"[-1.0, -1.0, -1.0, 2.0, 2.0, -1.0, -1.0, 2.0, -1.0]",2,gyros_x,0.0019936132938409034,0.0007192068057060739,0.0018647706103328107,0.0020834171235292894,0.0012341113725739985,0.0015790238411966153,0.0005844223984219555
"[2.0, -1.0, -1.0, 2.0, 2.0, -1.0, -1.0, -1.0, -1.0]",3,gyros_y,0.001488650008599659,0.0018851279100817605,0.00103834983977656,0.0018568598886175868,0.0016183697405372966,0.0015774714775225727,0.00034384750482387947
"[2.0, -1.0, -1.0, -1.0, 2.0, -1.0, 2.0, -1.0, -1.0]",3,gyros_y,0.0007626791471897054,0.002371684549184891,0.0016279158025251802,0.0011558787073999146,0.0019249109273917406,0.0015686138267382865,0.0006315195800510726
"[-1.0, -1.0, -1.0, 2.0, 2.0, -1.0, -1.0, 2.0, -1.0]",4,accelerometer_x,0.0013599416639960653,0.0009246054693100982,0.0017831046359364357,0.002049739771194898,0.0016667743854367778,0.0015568331851748547,0.0004314860644639587
"[-1.0, 2.0, -1.0, -1.0, 2.0, -1.0, -1.0, 2.0, -1.0]",2,gravity_z,0.0010344107137134774,0.0016896046862193966,0.0010577445161609037,0.0010936241766169041,0.0028860782077322336,0.0015522924600885832,0.0007938820495509411
"[-1.0, 2.0, -1.0, -1.0, 2.0, -1.0, 2.0, -1.0, -1.0]",1,magn_field_y,0.001331739171417899,0.001942282913960998,0.0010304197364772768,0.002511942993500686,0.0009142402043255275,0.0015461250039364774,0.0006709949863244258
"[-1.0, -1.0, -1.0, -1.0, -1.0, 2.0, 2.0, -1.0, 2.0]",3,gravity_x,0.0021562330262966437,0.001110777959443728,0.0017988436224155493,0.0019463785018119415,0.0007128011375042767,0.001545006849494428,0.0006083277952311259
"[2.0, -1.0, -1.0, -1.0, 2.0, 2.0, -1.0, -1.0, -1.0]",4,accelerometer_x,0.00025174437580460047,0.004241898825950373,0.001551400536402841,0.0007352387665675195,0.0009052384158723292,0.0015371041841195326,0.0015819695614917287
"[-1.0, 2.0, -1.0, -1.0, 2.0, -1.0, -1.0, 2.0, -1.0]",1,lin_accel_z,0.0014038836832749612,0.002670671253402917,0.0018092469423635368,0.0014730254618902522,0.00032049110771974264,0.001535463689730282,0.000845728042498584
"[-1.0, 2.0, -1.0, -1.0, 2.0, -1.0, -1.0, 2.0, -1.0]",4,gravity_z,0.00043522129595724896,0.0021815018280678957,0.001303365964473888,0.0016072846782592223,0.0021487483562117695,0.0015352244245940047,0.000718165023794478
"[-1.0, -1.0, -1.0, 2.0, 2.0, -1.0, -1.0, 2.0, -1.0]",3,game_rot_vec_x,0.002721004443235109,0.0015474549304710463,0.0021417668194613475,0.000956208583275732,0.000219237666583586,0.001517134488605364,0.0009797399881460683
"[-1.0, -1.0, -1.0, -1.0, -1.0, 2.0, -1.0, 2.0, 2.0]",3,magn_field_y,0.0023059189084843803,0.0008627973799505408,0.0014746610683279743,0.002144004655383679,0.0007966015135315234,0.0015167967051356198,0.0007007630319718928
"[-1.0, 2.0, -1.0, -1.0, -1.0, 2.0, -1.0, -1.0, 2.0]",1,gravity_x,0.0009592654349107343,0.0037336323992309957,0.0017858830548286996,0.0003621173619066649,0.0007376907223863862,0.0015157177946526963,0.001345166697223916
"[-1.0, -1.0, 2.0, -1.0, -1.0, -1.0, 2.0, 2.0, -1.0]",4,game_rot_vec_y,0.0012098046624235824,0.0016261813561296548,0.0011166282033274926,0.0017665405174849525,0.0018492225936569294,0.0015136754666045223,0.0003313510896756936
"[-1.0, 2.0, 2.0, -1.0, 2.0, -1.0, -1.0, -1.0, -1.0]",4,gravity_z,0.0013635931209994862,0.0012457332515577809,0.0021140338160843056,0.0011722966787598853,0.001618098808523732,0.001502751135185038,0.00038131184577048924
"[-1.0, 2.0, -1.0, -1.0, -1.0, 2.0, -1.0, -1.0, 2.0]",2,gravity_x,0.0020294947162644112,0.0027310332084077437,0.0003005167614790827,0.0010286233030887952,0.0014211252652911576,0.0015021586509062382,0.0009304516872929048
"[-1.0, -1.0, -1.0, 2.0, -1.0, -1.0, 2.0, 2.0, -1.0]",3,gravity_z,0.0009062435090283648,0.0009616811625203715,0.0015827276913247417,0.0013677086712698587,0.0026826722270891683,0.001500206652246501,0.0007185736202936647
"[-1.0, 2.0, -1.0, -1.0, 2.0, -1.0, -1.0, 2.0, -1.0]",4,lin_accel_z,0.000789895300383696,0.002826891307221048,0.0016918542396475865,0.0015547795902444413,0.0006209711535591605,0.0014968783182111864,0.0008771175900019342
"[-1.0, -1.0, 2.0, 2.0, 2.0, -1.0, -1.0, -1.0, -1.0]",4,accelerometer_y,0.001020159421930508,0.002082891402532245,0.0003204195942832887,0.0011843694691522177,0.0028205087978826785,0.0014856697371561874,0.0009751613502623322
"[-1.0, -1.0, 2.0, 2.0, -1.0, -1.0, -1.0, 2.0, -1.0]",3,magn_field_y,0.0008805252512650222,0.001700692096773699,0.0031266248750825326,0.0012053289182689729,0.00048775159674751883,0.0014801845476275493,0.0010221850837540455
"[-1.0, 2.0, -1.0, 2.0, 2.0, -1.0, -1.0, -1.0, -1.0]",4,gravity_y,0.0020734414009241538,0.001048784591350338,0.0020580054846265007,0.000701222459346647,0.0014589684968223642,0.001468084486614001,0.0006079549016789341
"[-1.0, 2.0, -1.0, -1.0, 2.0, -1.0, -1.0, 2.0, -1.0]",3,lin_accel_z,0.0020062675559125442,0.0030190735862967795,0.0013457316939984763,0.0007832492352811353,0.00015799096070586,0.0014624626064389588,0.0011062735590357247
"[-1.0, 2.0, 2.0, 2.0, -1.0, -1.0, -1.0, -1.0, -1.0]",4,magn_field_y,0.0018501662577138304,0.0013541363580276142,0.0024968151770633075,0.0009784440728615594,0.000628112786591758,0.001461534930451614,0.0007352454007805364
"[-1.0, 2.0, -1.0, -1.0, -1.0, -1.0, 2.0, -1.0, 2.0]",4,magn_field_z,0.0019183090000536001,0.0008689292368500448,0.0003527959198777774,0.0010981061009525475,0.0030561130096305525,0.0014588506534729045,0.0010563912615968302
"[2.0, -1.0, -1.0, -1.0, -1.0, -1.0, -1.0, 2.0, 2.0]",4,magn_field_x,0.0017215844511459604,0.0017003665002010204,0.0020416065798276556,0.0010579892532296665,0.0007252852352850371,0.001449366403937868,0.0005397503479345764
"[-1.0, 2.0, -1.0, -1.0, 2.0, -1.0, 2.0, -1.0, -1.0]",3,gravity_y,7.879538905494496e-05,0.002424226377780948,0.0028640293696278337,0.001025598230770814,0.0007852175507108933,0.0014355733835890868,0.001167241417693187
"[-1.0, 2.0, -1.0, -1.0, 2.0, -1.0, 2.0, -1.0, -1.0]",2,gravity_y,0.0012079721140245622,0.002428957454605118,0.0006417952932196959,0.001070152992499486,0.0018277268291699595,0.0014353209367037642,0.0006992878476822191
"[-1.0, -1.0, 2.0, 2.0, -1.0, -1.0, 2.0, -1.0, -1.0]",3,gravity_x,0.001381720931961252,0.0029341885718489813,0.001419367361949159,0.00022841962563161005,0.0012073428364846302,0.0014342078655751266,0.0009693180926496971
"[-1.0, 2.0, -1.0, -1.0, -1.0, -1.0, -1.0, 2.0, 2.0]",3,gyros_x,0.00028873898705977026,0.0021141161737820856,0.0010685976772659015,0.0010817099611346004,0.002558013325954057,0.0014222352250392828,0.0009075408852796997
"[-1.0, 2.0, -1.0, 2.0, 2.0, -1.0, -1.0, -1.0, -1.0]",3,gravity_y,0.0007325063096819598,0.0021073859733294256,0.0001608714453551108,0.0008766634235430782,0.0032298744414425962,0.0014214603186704343,0.0012350507311573548
"[-1.0, 2.0, -1.0, -1.0, -1.0, 2.0, 2.0, -1.0, -1.0]",4,gyros_y,0.0008365248610232762,0.0015160105602525012,0.0019348341668998206,0.001682248227297202,0.0009897873621764284,0.0013918810355298455,0.0004649244967036611
"[-1.0, -1.0, -1.0, -1.0, -1.0, 2.0, 2.0, 2.0, -1.0]",3,game_rot_vec_z,0.00036933718241508094,0.00151211186714108,0.001903777727270496,0.0014106369228583117,0.0017620567802236148,0.0013915840959817165,0.0006040428444720063
"[-1.0, 2.0, -1.0, -1.0, -1.0, -1.0, -1.0, 2.0, 2.0]",4,accelerometer_x,0.0018256244548523603,0.0014677969246709654,0.0004605972464308349,0.001015907277564088,0.002180297495581693,0.0013900446798199883,0.0006753010425018607
"[2.0, -1.0, 2.0, 2.0, -1.0, -1.0, -1.0, -1.0, -1.0]",3,accelerometer_y,0.0021365641349844434,0.0019792032357519853,0.001261749614116459,0.0010266794878122283,0.0005234992392022284,0.0013855391423734688,0.0006715080954334501
"[2.0, 2.0, -1.0, -1.0, 2.0, -1.0, -1.0, -1.0, -1.0]",3,gyros_z,0.0015627156317238084,0.0007527055729486938,0.0012651691951700349,0.0026791705462075625,0.0006599500282373323,0.0013839421948574865,0.0008133738039012194
"[-1.0, 2.0, -1.0, -1.0, -1.0, 2.0, 2.0, -1.0, -1.0]",4,game_rot_vec_y,0.0011176649959502146,0.0012116070427659186,0.0006284885823416402,0.0020242300689295293,0.0019231037099278708,0.0013810188799830345,0.0005856479497392144
"[2.0, -1.0, -1.0, -1.0, -1.0, 2.0, -1.0, -1.0, 2.0]",3,gyros_x,0.0014354014790831586,0.001775916210176848,0.0018308572645095987,0.0016015631064062777,0.00024483337154678603,0.001377714286344534,0.0006520656800442231
"[-1.0, -1.0, 2.0, 2.0, -1.0, 2.0, -1.0, -1.0, -1.0]",3,gyros_z,0.0013438742684968568,0.0011152522645141894,0.00148953039322293,0.0008068778430153607,0.002127885271741997,0.001376684008198267,0.0004927321144567938
"[-1.0, 2.0, 2.0, 2.0, -1.0, -1.0, -1.0, -1.0, -1.0]",3,gravity_y,0.0007468683387837047,0.0017315562763430513,0.0015404368631051415,0.0022778017202403802,0.0005306128563759406,0.0013654552109696437,0.0007205269247388421
"[-1.0, -1.0, 2.0, -1.0, -1.0, -1.0, 2.0, 2.0, -1.0]",4,accelerometer_y,0.0014723728140399015,0.0007934944847868018,0.0025963579509276505,0.001919821693628671,0.0,0.0013564093886766048,0.0010031292286058076
"[2.0, 2.0, -1.0, -1.0, -1.0, 2.0, -1.0, -1.0, -1.0]",4,lin_accel_x,0.00016916823356299103,0.0009488983221966513,0.002062193619463457,0.0024709256779091504,0.001095918510165352,0.0013494208726595204,0.0009197140955343361
"[2.0, 2.0, -1.0, -1.0, -1.0, -1.0, -1.0, -1.0, 2.0]",4,game_rot_vec_x,0.001567900291700633,0.0011204903234248084,0.00047641007196830526,0.00022152754530173932,0.0033601055217723557,0.0013492867508335684,0.0012427073606820973
"[2.0, -1.0, 2.0, -1.0, -1.0, -1.0, 2.0, -1.0, -1.0]",4,magn_field_y,0.0008111801943946142,0.0019095040158024071,0.0013175825633780416,0.0021398545014836177,0.0005623254421129126,0.0013480893434343188,0.0006798355511487277
"[-1.0, 2.0, -1.0, 2.0, -1.0, 2.0, -1.0, -1.0, -1.0]",3,gravity_z,0.0006767352839816107,0.0018752362657057714,0.0027585708738762614,0.0010938201747301387,0.0003344883326258007,0.0013477701861839167,0.0009759735663019455
"[2.0, -1.0, -1.0, -1.0, 2.0, 2.0, -1.0, -1.0, -1.0]",3,gyros_x,0.00029781123583582026,0.0015040685309246505,0.001254944629209079,0.0014171142477721749,0.0022647789562531126,0.0013477435199989675,0.0007037707783288545
"[2.0, -1.0, -1.0, -1.0, 2.0, 2.0, -1.0, -1.0, -1.0]",1,game_rot_vec_x,0.0006648978587422281,0.0022539901697174883,0.0009316273705527066,0.0021947775623179467,0.0006846640123296582,0.0013459913947320057,0.0008089869575086838
"[-1.0, 2.0, -1.0, -1.0, 2.0, -1.0, -1.0, 2.0, -1.0]",1,magn_field_z,0.0011653921066817402,0.0013888606394322513,0.0018754612568790362,0.0020271920759668697,0.00026657641199803874,0.0013446964981915874,0.0006971289154789788
"[2.0, -1.0, -1.0, -1.0, -1.0, 2.0, -1.0, -1.0, 2.0]",4,game_rot_vec_x,0.0013939881808797568,0.0007215277224746977,0.0012039194737649473,0.0004588251748560633,0.002937368232822671,0.001343125756959627,0.0009659122738735213
"[-1.0, -1.0, -1.0, 2.0, -1.0, 2.0, -1.0, 2.0, -1.0]",3,lin_accel_x,0.0002678936616897602,0.001287104335641538,0.001829184881925165,0.002381486620102843,0.0009467048072451661,0.0013424748613208946,0.0008109957867433048
"[-1.0, 2.0, -1.0, -1.0, -1.0, 2.0, -1.0, -1.0, 2.0]",1,magn_field_x,0.0009442430247616402,0.0001483209923047462,0.0004883940132479937,0.0005098500376121745,0.00459585316055715,0.0013373322456967408,0.0018433426415143629
"[2.0, -1.0, 2.0, -1.0, 2.0, -1.0, -1.0, -1.0, -1.0]",3,accelerometer_z,0.0019718510283471672,0.0003868713277130811,0.0020037035276452638,0.001937341763395722,0.0003808253519748453,0.001336118599815216,0.0008696192014240318
"[2.0, -1.0, -1.0, -1.0, -1.0, 2.0, -1.0, 2.0, -1.0]",3,magn_field_z,0.0015370528121409445,0.0010583123827200111,0.0006456206720824713,0.002420342747881615,0.0010100530745382967,0.0013342763378726677,0.0006848689656646045
"[-1.0, 2.0, -1.0, -1.0, -1.0, -1.0, -1.0, 2.0, 2.0]",1,accelerometer_x,0.0003252529420266994,0.000635127452033014,0.0015173679679595248,0.0018151848523698681,0.002357457891911834,0.001330078221260188,0.0008394261870274344
"[2.0, -1.0, 2.0, -1.0, -1.0, -1.0, -1.0, 2.0, -1.0]",3,gravity_z,0.0015786046970018674,0.00040307438085909156,0.0007235456223215241,0.002330792483111498,0.0016016332491402756,0.0013275300864868515,0.0007687850845528453
"[2.0, -1.0, -1.0, -1.0, -1.0, 2.0, 2.0, -1.0, -1.0]",2,lin_accel_y,0.0012351323532327338,0.0016160769988276336,0.0010672493181229684,0.0025283397161087887,0.00017753970323298697,0.0013248676179050223,0.0008549749915328502
"[-1.0, -1.0, 2.0, -1.0, -1.0, 2.0, 2.0, -1.0, -1.0]",3,gravity_y,0.0009425217583291012,0.001473614531939543,0.001552077166277156,0.002637454449427004,0.0,0.001321133581194561,0.0009615127221920389
"[2.0, -1.0, -1.0, -1.0, 2.0, -1.0, -1.0, 2.0, -1.0]",2,gyros_z,0.0022137664820474252,0.00014064095622061905,0.001402281236848628,0.002145037939556791,0.0006962552664320281,0.0013195963762210982,0.0009036344338716442
"[-1.0, -1.0, -1.0, 2.0, -1.0, -1.0, -1.0, 2.0, 2.0]",3,game_rot_vec_y,0.0019596079710859048,0.0026556141516596355,0.0006574382879611366,3.1280547409579666e-05,0.001293634102531806,0.0013195150121296123,0.0010360312921212937
"[-1.0, 2.0, -1.0, -1.0, -1.0, -1.0, 2.0, -1.0, 2.0]",2,gravity_z,0.0011687447481659148,0.0007867967983922396,0.0022308053783361083,0.0011984127596871249,0.0012073052523341452,0.0013184129873831066,0.0005394954153492132
"[2.0, -1.0, 2.0, 2.0, -1.0, -1.0, -1.0, -1.0, -1.0]",3,game_rot_vec_y,0.0002449709974115369,0.0012752574266132403,0.0024194239223966113,0.0015119912468777807,0.0011337678749087027,0.0013170822936415744,0.0007806924320209753
"[-1.0, -1.0, -1.0, 2.0, -1.0, 2.0, 2.0, -1.0, -1.0]",4,accelerometer_z,0.0011358871160521804,0.001274653889074467,0.00023503102146628203,0.0010407290552457784,0.00288384205447653,0.0013140286272630476,0.0009665049733011756
"[-1.0, 2.0, -1.0, 2.0, -1.0, 2.0, -1.0, -1.0, -1.0]",3,magn_field_z,0.0008402698721759112,7.509288833843945e-05,0.0018532428793232008,0.002826395137405594,0.0009253400814476946,0.001304068171738168,0.001059244580598439
"[-1.0, -1.0, -1.0, 2.0, -1.0, 2.0, -1.0, -1.0, 2.0]",1,gravity_y,0.0002842380265834993,0.0004078929527411154,0.0008102926375051387,0.0005295577094507891,0.0044577975238734744,0.0012979557700308034,0.0017771245244605786
"[-1.0, 2.0, 2.0, -1.0, -1.0, 2.0, -1.0, -1.0, -1.0]",3,gyros_x,0.0030486208307446087,0.0022454461523719414,0.0006415182285359784,6.043926393610702e-05,0.0004620263435226367,0.0012916101638222543,0.0012868080859907902
"[-1.0, -1.0, 2.0, 2.0, 2.0, -1.0, -1.0, -1.0, -1.0]",2,gyros_y,0.0005082799574442967,0.0027204722276195762,0.0014088660247897678,0.0009406972433027619,0.0008767192775266315,0.001291006946136607,0.0008608534213899765
"[-1.0, -1.0, -1.0, -1.0, -1.0, -1.0, 2.0, 2.0, 2.0]",3,gravity_z,0.0007264143493579374,0.002442720673085134,0.0007426156833046455,0.0012981676598404998,0.001212529281691517,0.0012844895294559467,0.0006985592176698299
"[-1.0, 2.0, -1.0, 2.0, -1.0, -1.0, -1.0, 2.0, -1.0]",2,gyros_y,0.0007298959885359972,0.0012250161907067906,0.0022640330429931433,0.0002739574649786629,0.001845720844285305,0.00126772470629998,0.0008070574505835154
"[-1.0, -1.0, -1.0, -1.0, 2.0, 2.0, 2.0, -1.0, -1.0]",4,gyros_z,0.0009364319469367478,0.001435480366838206,0.0016764178854921158,0.0019616056791944394,0.00029980991940596277,0.0012619491595734942,0.0006563326182851952
"[-1.0, 2.0, -1.0, -1.0, -1.0, -1.0, 2.0, -1.0, 2.0]",1,magn_field_z,7.352253372608567e-05,0.0009152522486792318,0.0005130396973402017,0.0009243167661309966,0.0038787581464197855,0.0012609778784592603,0.0015045848402030584
"[-1.0, 2.0, -1.0, -1.0, 2.0, -1.0, -1.0, -1.0, 2.0]",1,accelerometer_x,0.001049894438052228,0.000688084298157335,0.0012753115585964747,0.0017425042833142505,0.0015149982725867902,0.0012541585701414156,0.00040900191073120674
"[-1.0, -1.0, -1.0, 2.0, 2.0, -1.0, -1.0, 2.0, -1.0]",3,accelerometer_x,0.000932350807532473,0.0009444903390020717,0.0007727283780621279,0.001066094733035043,0.002549770647985079,0.001253086981123359,0.0007323255083745671
"[-1.0, -1.0, 2.0, 2.0, -1.0, -1.0, -1.0, -1.0, 2.0]",2,lin_accel_z,0.0012137633351493302,0.0010450400473614111,0.001081841225756563,0.001487252202831429,0.0014165407704239451,0.0012488875163045358,0.00019724179278367385
"[2.0, -1.0, -1.0, -1.0, 2.0, -1.0, -1.0, 2.0, -1.0]",1,gyros_z,0.0019276074294014354,0.0002988723311410891,0.0013553877632062538,0.0009130415965648967,0.0017340360723439145,0.001245789038531518,0.0006562479477064742
"[-1.0, -1.0, 2.0, 2.0, -1.0, 2.0, -1.0, -1.0, -1.0]",3,accelerometer_z,0.0012059728419212407,0.0030994156177388396,0.00017123364696180226,0.0006148329297813502,0.0010970043315987627,0.001237691873600399,0.0011193860810723999
"[-1.0, -1.0, -1.0, 2.0, 2.0, -1.0, -1.0, -1.0, 2.0]",3,game_rot_vec_y,7.86006505115459e-05,0.001725405499959561,0.001659099635806799,0.0024490391327060533,0.0002154736265797982,0.0012255237091127517,0.0010332586259469943
"[-1.0, 2.0, -1.0, -1.0, 2.0, -1.0, -1.0, 2.0, -1.0]",1,gravity_z,0.0010044227103785646,0.0010338677232465544,0.0021645970747141445,0.0014947431707995075,0.0003955165678957013,0.0012186294494068947,0.0006573868293248797
"[-1.0, -1.0, 2.0, 2.0, -1.0, -1.0, 2.0, -1.0, -1.0]",3,lin_accel_x,0.0016203959990321614,0.0019577467928098896,0.00037607129812699776,0.0006337278236025727,0.0014859218432877028,0.001214772751371865,0.0006765899443351001
"[2.0, -1.0, -1.0, -1.0, -1.0, -1.0, 2.0, -1.0, 2.0]",4,gyros_z,0.0015374549073342903,0.0029990084365243844,0.0009441547519946895,0.00015225616400105495,0.00038207044735870735,0.0012029889414426254,0.001138254715584328
"[2.0, -1.0, -1.0, 2.0, -1.0, -1.0, -1.0, 2.0, -1.0]",1,lin_accel_y,0.0016660003963661968,9.152388302997882e-05,0.00026897290398588753,0.0020460821815043518,0.0019394530193507118,0.0012024064768474253,0.0009454237138514694
"[-1.0, -1.0, -1.0, 2.0, 2.0, -1.0, 2.0, -1.0, -1.0]",1,gravity_z,0.0008778955327387957,0.00019788846821420383,0.0015415972492964947,0.0015470421580064345,0.0018401869083984653,0.0012009220633308788,0.0006623708887038379
"[2.0, -1.0, 2.0, -1.0, -1.0, -1.0, -1.0, 2.0, -1.0]",3,magn_field_z,0.00041626552400482074,0.0012757371823836983,0.0013408090020757,0.0022771377689961804,0.0006857986773160476,0.0011991496309552894,0.000718405905935991
"[-1.0, 2.0, -1.0, -1.0, -1.0, -1.0, -1.0, 2.0, 2.0]",2,gyros_x,0.0017158604676444872,0.0008672353685033046,0.0011177193909419653,0.0011736446301792605,0.0010831158579519137,0.001191515143044186,0.0003152820026870324
"[-1.0, -1.0, 2.0, -1.0, -1.0, 2.0, -1.0, 2.0, -1.0]",3,lin_accel_z,3.127850905773492e-05,0.0011173971766858522,0.0011089461931038413,0.0014091217102462467,0.0022882286703240946,0.001190994451883554,0.0008075568052291022
"[2.0, 2.0, -1.0, -1.0, -1.0, -1.0, -1.0, 2.0, -1.0]",3,lin_accel_z,0.0009163365650046225,0.0010810959900173346,0.0008532333249574649,0.0027860860258786388,0.00031204688373953816,0.0011897597579195198,0.0009378773294304292
"[-1.0, 2.0, -1.0, -1.0, 2.0, 2.0, -1.0, -1.0, -1.0]",2,lin_accel_x,0.002118535313032813,0.0018004809496185356,0.0006645661133561068,0.0009705611943366619,0.0003808525846686189,0.0011869992310025474,0.0007439377481895457
"[2.0, -1.0, -1.0, 2.0, -1.0, -1.0, -1.0, -1.0, 2.0]",4,lin_accel_z,0.00011444217820122385,0.0008532656101669504,0.001536766339930592,0.0031686400666128783,0.00026010293219641024,0.001186643425421611,0.0012419873498539199
"[-1.0, 2.0, -1.0, -1.0, -1.0, -1.0, 2.0, -1.0, 2.0]",4,gravity_z,0.000783436162704227,0.0010861413230741136,0.0016278408684425438,0.0010814959709271705,0.0013376120532313136,0.0011833052756758738,0.0003166716558848067
"[-1.0, -1.0, 2.0, 2.0, -1.0, 2.0, -1.0, -1.0, -1.0]",2,gyros_z,0.0024035529248255,0.0006981732727945357,0.0005976397084529975,0.0012674510706160683,0.0009487497617473004,0.0011831133476872804,0.0007296331547161202
"[2.0, -1.0, -1.0, 2.0, -1.0, -1.0, 2.0, -1.0, -1.0]",2,gravity_x,9.117120554316734e-05,0.0010560951237938636,0.0011400712180861337,0.0026825627947504056,0.000922897426945199,0.0011785595538237538,0.000938919749023408
"[-1.0, -1.0, -1.0, -1.0, 2.0, 2.0, -1.0, 2.0, -1.0]",3,magn_field_x,0.0011231985494274076,0.0020954339450734434,0.000341007957251804,0.0006593990321039696,0.0016697247614985765,0.0011777528490710403,0.0007169351124295181
"[-1.0, -1.0, 2.0, -1.0, 2.0, -1.0, 2.0, -1.0, -1.0]",3,accelerometer_y,0.0015229314313759813,0.0010803923975548579,0.0007094438975514702,9.479216435738172e-05,0.002467112680995436,0.0011749345143670254,0.0008920697129481958
"[-1.0, 2.0, -1.0, -1.0, -1.0, 2.0, -1.0, 2.0, -1.0]",1,accelerometer_z,0.0006853203333960085,0.000655233217196764,0.001598131313900069,0.0014180162223295372,0.001478846516655567,0.001167109520695589,0.0004582717765896661
"[-1.0, -1.0, 2.0, 2.0, -1.0, 2.0, -1.0, -1.0, -1.0]",1,gyros_z,0.0017031947438047466,0.0021378609365713145,0.0007185893919679048,0.0006202091657841487,0.000650098704713472,0.0011659905885683173,0.0007066310751965707
"[-1.0, 2.0, -1.0, 2.0, -1.0, -1.0, 2.0, -1.0, -1.0]",1,game_rot_vec_x,0.000592470923540768,0.0003889514649482021,0.003658157811037473,0.0001945248149665291,0.0009744368137600308,0.0011617083656506005,0.001425127975070721
"[-1.0, -1.0, -1.0, 2.0, 2.0, -1.0, -1.0, -1.0, 2.0]",1,accelerometer_y,0.001547304305237075,3.15229526498982e-05,0.001179434022883759,0.0010848432559350278,0.0019625904204764663,0.0011611389914364452,0.0007200062821267953
"[-1.0, -1.0, 2.0, -1.0, -1.0, -1.0, 2.0, 2.0, -1.0]",2,game_rot_vec_y,0.00040919852642741706,0.0018606383247641363,0.0003948543799509232,0.002247776902520813,0.000885970464180973,0.0011596877195688524,0.0008512336669932308
"[-1.0, -1.0, 2.0, -1.0, 2.0, -1.0, -1.0, 2.0, -1.0]",2,game_rot_vec_z,0.0023554992738529174,0.0009508196858417451,0.0012870942451604543,0.000252171640721988,0.0009075938172571019,0.0011506357325668415,0.0007708032544431417
"[-1.0, -1.0, 2.0, -1.0, -1.0, -1.0, -1.0, 2.0, 2.0]",3,magn_field_x,0.0004671244931508783,0.0007971994020226388,0.0017348489750243733,0.0012628734836255338,0.0014692421023611093,0.0011462576912369066,0.0005117180527951895
"[-1.0, 2.0, -1.0, -1.0, -1.0, -1.0, 2.0, 2.0, -1.0]",4,lin_accel_y,0.0010688562251753434,0.0003815681568500982,0.0014561021616697205,0.0022246692977869464,0.0005612117128242135,0.0011384815108612645,0.0007402183312880589
"[2.0, 2.0, -1.0, -1.0, -1.0, -1.0, 2.0, -1.0, -1.0]",4,lin_accel_y,0.0010863362559218816,0.0006804667955992733,0.0016822041785284738,0.0016030276072121572,0.0006296804626080202,0.0011363430599739613,0.0004956787426907242
"[-1.0, -1.0, 2.0, 2.0, -1.0, -1.0, -1.0, -1.0, 2.0]",2,gravity_z,0.000885376642246076,0.0009285237299047795,0.00016260301164700106,0.00043700943208300043,0.003233220305414973,0.001129346624259166,0.0012186118797095759
"[-1.0, 2.0, -1.0, -1.0, -1.0, 2.0, 2.0, -1.0, -1.0]",1,game_rot_vec_y,0.0025291119929323784,0.002108470318357414,0.0001395409836065574,0.0007020771628331177,0.00016463142113539323,0.001128766375772972,0.0011192602952746396
"[-1.0, 2.0, -1.0, -1.0, -1.0, -1.0, 2.0, -1.0, 2.0]",3,gravity_z,0.000796545273727939,0.0019999198427790737,0.0008650609124252073,0.0007807315023239959,0.0011882438824395336,0.00112610028273915,0.0005156185852439323
"[2.0, -1.0, -1.0, -1.0, 2.0, -1.0, 2.0, -1.0, -1.0]",2,gyros_y,0.0012137939804569959,0.0005056504492331696,0.0008475586790276966,0.0011015081472784789,0.0019325055120831742,0.001120203353615903,0.0005293755528189928
"[2.0, -1.0, -1.0, 2.0, -1.0, 2.0, -1.0, -1.0, -1.0]",3,game_rot_vec_z,0.001011456799417536,0.0017618762876795621,0.000935640863970051,0.001537919742905206,0.00035047576400489016,0.0011194738915954491,0.000553307817462223
"[-1.0, 2.0, -1.0, 2.0, -1.0, 2.0, -1.0, -1.0, -1.0]",4,magn_field_z,0.0007558409070636642,0.001346192701488984,0.001353330892728302,0.0011494610109865928,0.0009841382356833668,0.0011177927495901819,0.0002537322895672761
"[-1.0, 2.0, -1.0, 2.0, -1.0, -1.0, 2.0, -1.0, -1.0]",4,game_rot_vec_x,0.0011912805378755317,0.0012937257687353303,0.001848865841497495,0.000754064408316379,0.0004990844634447382,0.0011174042039738946,0.0005210370050955745
"[-1.0, -1.0, -1.0, 2.0, -1.0, 2.0, -1.0, -1.0, 2.0]",3,gravity_y,0.0019987920456281285,0.0006834949352869917,0.0002790804203542671,0.0014658811453378427,0.0011572805594718338,0.0011169058212158127,0.0006691288380263442
"[-1.0, 2.0, -1.0, -1.0, 2.0, 2.0, -1.0, -1.0, -1.0]",4,lin_accel_x,0.0012088625594293347,0.0030379599748475553,0.0006989271503709731,9.414841451454725e-05,0.0005430300724755274,0.0011165856343275874,0.0011455322832122808
"[-1.0, 2.0, -1.0, -1.0, -1.0, 2.0, -1.0, 2.0, -1.0]",3,game_rot_vec_z,0.0016122888732916848,0.0018044085251700186,0.0013097999976756116,0.0003441787754682572,0.0004807162632856886,0.0011102784869782521,0.0006627399815527286
"[2.0, -1.0, -1.0, -1.0, 2.0, 2.0, -1.0, -1.0, -1.0]",1,gyros_x,0.002657756429784259,0.0010492888799622994,0.0005053201415609118,0.0005839541316902252,0.000722843303180689,0.0011038325772356767,0.0008932102097458244
"[-1.0, -1.0, -1.0, 2.0, -1.0, -1.0, -1.0, 2.0, 2.0]",1,gyros_y,0.0004903875273340632,0.0007655878397229259,0.0004284427591791962,0.0002579863282508542,0.0035718067322073176,0.0011028422373388716,0.0013922305071990013
"[-1.0, -1.0, -1.0, 2.0, 2.0, -1.0, 2.0, -1.0, -1.0]",4,lin_accel_z,0.00017568632865285806,0.0014123809514786081,0.001632660497865336,0.0018435079591935424,0.00044734924732176695,0.0011023169969024223,0.0007440421822474922
"[-1.0, -1.0, -1.0, 2.0, 2.0, -1.0, -1.0, -1.0, 2.0]",4,gyros_y,0.0002872590835701781,0.000819162593593135,0.0008500825147102501,0.0006092319671634931,0.0029179420439920684,0.0010967356406058248,0.0010425436984471054
"[-1.0, -1.0, 2.0, -1.0, -1.0, 2.0, 2.0, -1.0, -1.0]",3,magn_field_y,0.000985006846194415,0.00026237943093042164,0.0019595888378987404,0.0010666804424520622,0.0011975481975569093,0.0010942407510065096,0.0006050174816498391
"[-1.0, -1.0, 2.0, -1.0, 2.0, 2.0, -1.0, -1.0, -1.0]",4,gyros_x,0.0010211303642187336,0.00033422534295528294,0.0012671649445912935,0.002189325636106882,0.0006355383458520517,0.0010894769267448486,0.0007110514499352839
"[2.0, -1.0, -1.0, -1.0, 2.0, -1.0, 2.0, -1.0, -1.0]",2,accelerometer_y,0.0011001362803407888,0.0003544679190334619,0.0009561469548921327,0.002391045887951466,0.0006202678395953279,0.0010844129763626354,0.000786167834324039
"[-1.0, 2.0, -1.0, 2.0, -1.0, -1.0, 2.0, -1.0, -1.0]",1,gyros_x,0.0001729477449184332,0.000383602089105653,0.001068034892483145,0.001075520971120542,0.0027066644563405046,0.0010813540307936555,0.000994221448643203
"[-1.0, -1.0, 2.0, -1.0, -1.0, 2.0, -1.0, 2.0, -1.0]",4,gravity_z,0.0010495394014023737,0.0022201906293508496,0.0011651021878014503,0.0009191885185656941,3.1256104707950766e-05,0.0010770553683656636,0.0007800457739599537
"[-1.0, -1.0, 2.0, -1.0, 2.0, -1.0, -1.0, -1.0, 2.0]",3,magn_field_x,0.002427588568237345,0.00042543957188429226,0.0010829955531983788,0.0002844831935141449,0.001153612856826044,0.0010748239487320412,0.000848908882212317
"[2.0, 2.0, -1.0, -1.0, -1.0, -1.0, -1.0, 2.0, -1.0]",2,magn_field_z,0.0012185643963927308,0.0002250238745075069,0.0010679464067909396,0.0015140030126178441,0.0013425192252282778,0.00107361138310746,0.0005018467003642418
"[-1.0, -1.0, 2.0, 2.0, -1.0, -1.0, -1.0, 2.0, -1.0]",4,lin_accel_y,0.0008289294560932562,0.0008614212407558714,0.0009110563955313058,0.001341238927740692,0.001401279897634915,0.0010687851835512081,0.00027847473985655906
"[-1.0, 2.0, -1.0, -1.0, 2.0, -1.0, -1.0, -1.0, 2.0]",3,game_rot_vec_x,0.0011676682716999624,0.0009365984476768944,0.0012318249818793058,0.000816234098068881,0.0011882390827945468,0.0010681129764239182,0.00018157794442913224
"[-1.0, 2.0, 2.0, -1.0, -1.0, 2.0, -1.0, -1.0, -1.0]",1,accelerometer_x,0.0004596072119559258,0.0005864895606733299,0.00015390116825958187,0.0007756832182605794,0.0033520049833432506,0.0010655372284985333,0.0012980435567152356
"[-1.0, 2.0, -1.0, -1.0, -1.0, 2.0, -1.0, -1.0, 2.0]",3,lin_accel_x,0.0019982414495135813,0.0003504317519043485,0.00045659223999568405,0.001629424580106065,0.0008620884537489463,0.001059355695053725,0.0007265150201558872
"[2.0, -1.0, -1.0, -1.0, -1.0, 2.0, 2.0, -1.0, -1.0]",4,gravity_y,0.0014455334239785777,0.0016589162247604135,0.000977554679279094,0.0002926160979967655,0.000851330665414111,0.0010451902182857923,0.0005351304028628909
"[-1.0, -1.0, -1.0, 2.0, -1.0, 2.0, -1.0, 2.0, -1.0]",3,gravity_x,8.878274133893312e-05,0.0018624329344919407,0.0003951696931078516,0.0006233131290095003,0.002243273835574634,0.0010425944667045721,0.0009511149437824617
"[-1.0, 2.0, -1.0, -1.0, 2.0, -1.0, -1.0, 2.0, -1.0]",2,magn_field_z,0.0001804587830215746,8.965042559741014e-05,0.0002026137868122961,0.0001794245304336997,0.004535594007940346,0.0010375483067610652,0.0019559478929957333
"[-1.0, -1.0, 2.0, -1.0, 2.0, -1.0, 2.0, -1.0, -1.0]",3,gyros_y,0.00138526493122614,0.0002760127536905377,0.00013136182648770453,0.0021495714965070324,0.0012452231038032903,0.001037486822342941,0.0008369201819032234
"[2.0, -1.0, -1.0, -1.0, 2.0, 2.0, -1.0, -1.0, -1.0]",2,gyros_x,0.0010006128883427517,0.0007916248082960476,0.0003137570050679626,0.0014080381239022935,0.0016489402630573934,0.0010325946177332898,0.0005236068597459065
"[-1.0, -1.0, -1.0, 2.0, 2.0, -1.0, -1.0, 2.0, -1.0]",2,game_rot_vec_x,0.001195968448787902,0.0010458732114516367,0.0017756915106562272,0.0007866839103028523,0.00035224714254996026,0.0010312928447497158,0.0005249753832202723
"[2.0, 2.0, -1.0, -1.0, -1.0, -1.0, -1.0, 2.0, -1.0]",4,lin_accel_z,0.00039909717502335687,0.0006960097885644747,0.0014040453327891008,0.0010527821573759998,0.001596692646893478,0.001029725420129282,0.0004927364794306585
"[-1.0, -1.0, -1.0, 2.0, 2.0, -1.0, -1.0, -1.0, 2.0]",2,accelerometer_y,0.000659468999008837,0.00027158846968091283,0.002200144931469813,0.0010170180338270084,0.0009924706397730998,0.0010281382147519342,0.0007216786136785809
"[-1.0, -1.0, 2.0, 2.0, 2.0, -1.0, -1.0, -1.0, -1.0]",1,gyros_y,0.0005210309949694452,0.0010116758635740292,0.0018888509031458399,0.0013548195906429822,0.0003616973065736066,0.0010276149317811807,0.0006223178266863283
"[-1.0, -1.0, -1.0, -1.0, -1.0, 2.0, -1.0, 2.0, 2.0]",3,gravity_y,0.00045150454074195244,0.0010197525067283278,0.0017915774963194197,0.0005714855474278594,0.0012679787982217967,0.0010204597778878711,0.0005434097493677227
"[-1.0, -1.0, -1.0, 2.0, 2.0, -1.0, -1.0, 2.0, -1.0]",4,game_rot_vec_x,0.0009301404975811794,0.001133527324963975,0.0014530568415328609,0.001000243204058141,0.0005830520493076781,0.001020003983488767,0.00031615473039621695
"[2.0, -1.0, -1.0, -1.0, -1.0, -1.0, 2.0, -1.0, 2.0]",2,game_rot_vec_z,0.0009384084184109824,0.0003184375912301478,0.0007618032714684979,0.00039902122518806313,0.0026760952905064824,0.0010187531593608347,0.0009609592898708446
"[-1.0, -1.0, 2.0, -1.0, 2.0, -1.0, -1.0, -1.0, 2.0]",1,lin_accel_x,0.00144075629601905,0.0019286578854022188,0.0007090850346614915,0.00019682235591048178,0.0008182112979335571,0.00101870657398536,0.0006741095753419656
"[2.0, -1.0, -1.0, -1.0, -1.0, -1.0, 2.0, -1.0, 2.0]",3,game_rot_vec_z,4.17373157688796e-05,0.0007446873694990605,0.0004306044499050925,0.0005880853066013789,0.0032761113846496905,0.0010162451652848204,0.001290029110790235
"[-1.0, -1.0, -1.0, -1.0, 2.0, -1.0, 2.0, -1.0, 2.0]",3,accelerometer_x,0.001135984014047287,0.0007750049491039616,0.0005488814768423156,0.0024819487942398986,0.00013606636618574487,0.0010155771200838415,0.0008963764089340697
"[-1.0, -1.0, -1.0, -1.0, 2.0, 2.0, -1.0, -1.0, 2.0]",1,lin_accel_y,5.986835764540473e-05,0.000850827848364996,0.0002939402288740816,0.0004563749082720338,0.0034142032020263143,0.0010150429090365661,0.0013718048450536873
"[-1.0, -1.0, -1.0, -1.0, 2.0, -1.0, 2.0, 2.0, -1.0]",3,lin_accel_z,0.001876016288898431,0.0001808287119172901,0.00030956722764381543,0.0014708178222230498,0.0012112481488328415,0.0010096956399030855,0.00073840516075533
"[2.0, -1.0, -1.0, -1.0, 2.0, 2.0, -1.0, -1.0, -1.0]",2,accelerometer_x,0.0006458917053008377,0.0011529191630730937,0.001841082988691097,0.0010879504965594102,0.00030126694076467277,0.0010058222588778224,0.000581375789205329
"[-1.0, -1.0, -1.0, 2.0, -1.0, -1.0, -1.0, 2.0, 2.0]",2,gyros_y,0.0014466263091150343,0.0010584607850499196,0.000901545440894928,0.0001123403913858993,0.0015088708118564352,0.0010055687476604434,0.0005610971512944043
"[-1.0, 2.0, 2.0, -1.0, -1.0, -1.0, -1.0, -1.0, 2.0]",3,lin_accel_x,0.002431017533771443,0.0011658237138795723,0.0004946595659494574,0.00020301676129602945,0.0007275727613447109,0.0010044180672482423,0.0008717767671367874
"[-1.0, -1.0, 2.0, -1.0, -1.0, 2.0, 2.0, -1.0, -1.0]",4,lin_accel_y,0.0009265457637583575,0.0009384111909189456,0.0015417205864166853,0.0009266906880362057,0.0006443734402823136,0.0009955483338825017,0.0003295433653233807
"[-1.0, 2.0, 2.0, -1.0, -1.0, -1.0, -1.0, 2.0, -1.0]",2,gyros_z,0.0003496652042231721,0.002791734793258663,0.0005112620110446134,0.00040027771884659834,0.0009146145307848488,0.000993510851631579,0.001029424679791108
"[-1.0, -1.0, 2.0, -1.0, 2.0, 2.0, -1.0, -1.0, -1.0]",4,accelerometer_x,0.0009420289855072466,0.0017368825107167184,0.0009789617571269115,0.001303929164072708,0.0,0.000992360483484717,0.0006400937834598301
"[-1.0, -1.0, -1.0, -1.0, 2.0, 2.0, -1.0, -1.0, 2.0]",4,lin_accel_y,0.0009011133212499374,0.0008366794181181569,0.0007415214286001916,0.0024259766059157853,5.596362364463099e-05,0.0009922508795057404,0.0008699967062771608
"[2.0, -1.0, -1.0, 2.0, -1.0, 2.0, -1.0, -1.0, -1.0]",2,gyros_z,0.0004929212498150186,0.0014104669866286295,0.0006348320315480407,0.0013202751053332908,0.001098415305246989,0.0009913821357143938,0.00040952717512497395
"[2.0, -1.0, 2.0, -1.0, -1.0, -1.0, 2.0, -1.0, -1.0]",3,magn_field_y,0.0006537109199878975,0.0025146652739857956,0.00028343543332456196,0.0006313621113524879,0.0008690034704592871,0.000990435441822006,0.0008775232727969893
"[-1.0, -1.0, 2.0, -1.0, 2.0, -1.0, -1.0, 2.0, -1.0]",4,accelerometer_z,0.0011429072792149626,0.001137843077289882,0.0010861860107376573,0.0015218768317295356,0.0,0.0009777626397944074,0.0005737451872146143
"[2.0, -1.0, -1.0, -1.0, -1.0, -1.0, -1.0, 2.0, 2.0]",2,magn_field_x,0.0007667316938144195,0.0007400804031643313,0.0006506831917188125,0.0002857878557276951,0.002432790729820299,0.0009752147748491116,0.000837244178479879
"[-1.0, 2.0, 2.0, -1.0, -1.0, -1.0, 2.0, -1.0, -1.0]",3,accelerometer_y,0.0011521074376010139,0.000676463781504874,0.0003884898541899154,0.002447192221246597,0.0001993442786967959,0.0009727195146478392,0.000899089928840173
"[2.0, -1.0, -1.0, -1.0, -1.0, 2.0, -1.0, 2.0, -1.0]",4,gravity_z,0.001549414279207029,0.00016723089763834718,0.001063341504584343,0.0019149280974987651,0.00016502028374321007,0.0009719870125343389,0.0007952567961147901
"[2.0, -1.0, -1.0, -1.0, 2.0, 2.0, -1.0, -1.0, -1.0]",4,gyros_x,0.0015691549346307759,0.0001736555007779256,0.0007770187576740888,0.001792082655236458,0.0005367354618936041,0.0009697294620425704,0.0006881007635315047
"[-1.0, -1.0, 2.0, -1.0, -1.0, -1.0, 2.0, -1.0, 2.0]",2,game_rot_vec_z,0.0018405480138434535,0.00022764313287766842,0.00017924094673034993,0.0005670928238659914,0.0020316064495132192,0.0009692262733661365,0.0008977175078862786
"[2.0, -1.0, 2.0, -1.0, 2.0, -1.0, -1.0, -1.0, -1.0]",4,gyros_z,0.001382121855220096,0.0006293533362044788,0.0017648510130018034,0.0005090986252920016,0.0005574445656447843,0.0009685738790726327,0.0005701523043219048
"[-1.0, 2.0, -1.0, -1.0, 2.0, -1.0, 2.0, -1.0, -1.0]",4,lin_accel_y,0.0009417031484676953,0.0009071246422241279,0.0009157691419666099,0.000999973143840968,0.0010530848716730564,0.0009635309896344913,6.182081599715674e-05
"[-1.0, 2.0, 2.0, -1.0, -1.0, -1.0, -1.0, 2.0, -1.0]",4,gyros_z,0.0013854974831157146,0.001180470267256883,0.0009775543812631602,0.0004055268423879342,0.0008439779948138174,0.0009586053937675019,0.00037109812272182824
"[-1.0, -1.0, -1.0, 2.0, 2.0, 2.0, -1.0, -1.0, -1.0]",3,magn_field_y,0.0009962805363972309,0.0011582632708764748,0.0007028228083558422,0.001836533012243643,8.747758386913353e-05,0.0009562754423484649,0.000639589875693234
"[-1.0, -1.0, -1.0, -1.0, 2.0, 2.0, 2.0, -1.0, -1.0]",3,game_rot_vec_z,0.001113644048580626,0.000497856331278227,0.00026817103463130096,0.0014345388677195106,0.00146560031493095,0.0009559621194281231,0.000546934153844002
"[-1.0, 2.0, -1.0, -1.0, 2.0, -1.0, -1.0, -1.0, 2.0]",1,game_rot_vec_x,0.001221029989069789,0.0004445490254332768,0.000775798014446278,0.0012088619292551013,0.0011270143520951583,0.0009554506620599206,0.0003381860823264922
"[-1.0, -1.0, 2.0, -1.0, -1.0, -1.0, -1.0, 2.0, 2.0]",1,magn_field_x,0.0012286440630038728,0.0004016635023098979,0.0012454702097205006,0.0011580253459976763,0.0007417049195724847,0.0009551016081208865,0.0003715337556869135
"[-1.0, -1.0, 2.0, 2.0, -1.0, -1.0, 2.0, -1.0, -1.0]",2,lin_accel_x,0.001276753609140169,0.0009346436478586046,0.0016207524189353843,0.00014284588012789776,0.0007961241936143297,0.0009542239499352771,0.0005549772234959187
"[-1.0, 2.0, 2.0, -1.0, 2.0, -1.0, -1.0, -1.0, -1.0]",1,gravity_z,0.00025866820460318144,0.0010412028327451872,0.000836151287248254,0.0020630921729122374,0.0005697883627194429,0.0009537805720456606,0.000686054434487463
"[2.0, -1.0, -1.0, -1.0, -1.0, 2.0, -1.0, -1.0, 2.0]",3,game_rot_vec_x,0.0002876035019697026,0.0004601607291109349,0.001504605729834544,0.00037644756126182426,0.002098569606799621,0.0009454774257953253,0.000811537340596907
"[-1.0, -1.0, 2.0, 2.0, -1.0, -1.0, 2.0, -1.0, -1.0]",3,magn_field_x,0.0009775723586206574,0.00014688591123813977,0.0017164257135861265,0.0006680636808235475,0.0012139686645802332,0.0009445832657697408,0.0005878311168771467
"[-1.0, -1.0, 2.0, -1.0, 2.0, -1.0, -1.0, -1.0, 2.0]",3,gravity_x,0.0007170301448761187,0.0016770036152045755,0.00019805043256680428,0.001500899634230551,0.0006028943378920242,0.0009391756329540146,0.0006268221986602292
"[2.0, -1.0, -1.0, -1.0, -1.0, 2.0, -1.0, 2.0, -1.0]",2,magn_field_z,0.0003682131404574749,0.0007289856145307876,0.0008996896065630237,6.26304801670146e-05,0.0026115131090031513,0.0009342063901442904,0.000992050619898632
"[-1.0, -1.0, 2.0, -1.0, -1.0, 2.0, -1.0, -1.0, 2.0]",1,accelerometer_x,0.001597531397648753,0.00046345908684919775,0.0010065829437057021,0.0001047591464866653,0.0014922151605997105,0.0009329095470580057,0.000645404827134155
"[-1.0, 2.0, -1.0, 2.0, -1.0, -1.0, 2.0, -1.0, -1.0]",2,game_rot_vec_x,0.0008442574358321136,0.0009799657322894792,0.0012036255316624945,0.0008695444024496075,0.0007429387789025004,0.0009280663762272389,0.0001756042272413171
"[2.0, 2.0, -1.0, -1.0, -1.0, 2.0, -1.0, -1.0, -1.0]",3,lin_accel_x,0.0006353056636916616,0.0008267932276386965,0.0008710452452196046,0.001366665857686969,0.0009028439936830012,0.0009205307975839865,0.0002701565489680356
"[-1.0, -1.0, 2.0, -1.0, -1.0, -1.0, 2.0, 2.0, -1.0]",3,accelerometer_y,0.00024261314320215633,0.00017164081380262344,0.0007316131616828552,0.0026801159668265436,0.0007676156103145877,0.0009187197391657533,0.0010217148635673883
"[-1.0, -1.0, -1.0, 2.0, -1.0, 2.0, 2.0, -1.0, -1.0]",3,accelerometer_z,0.0006826502132317242,0.0006380137265730156,0.0011641853979272602,0.0007660643691263734,0.0013217749567579638,0.0009145377327232675,0.00030840225386351804
"[-1.0, 2.0, -1.0, 2.0, -1.0, -1.0, -1.0, 2.0, -1.0]",1,gyros_y,0.001594318158158037,0.0007991036848452523,0.0008850422526919238,0.0011370319325478885,0.00011506685121502261,0.0009061125758916249,0.0005395829112733833
"[-1.0, -1.0, 2.0, -1.0, -1.0, -1.0, 2.0, -1.0, 2.0]",2,accelerometer_z,0.0013392394741022144,0.00024397582699179707,0.0011269588781340615,0.000669939384958538,0.0011486846145543012,0.0009057596357481825,0.0004442452646438892
"[2.0, -1.0, -1.0, -1.0, 2.0, -1.0, 2.0, -1.0, -1.0]",3,game_rot_vec_y,0.0008261550987285045,0.0007416300513557662,0.00096183589543699,0.00070991103556567,0.0012844368177125339,0.0009047937797598928,0.00023354248416112257
"[-1.0, -1.0, -1.0, -1.0, -1.0, -1.0, 2.0, 2.0, 2.0]",1,magn_field_z,0.0010126596220817073,0.00029147991642554773,0.0013520594040298654,0.00010239213745616923,0.0017467163603624007,0.0009010614880711381,0.0006964997937625954
"[-1.0, 2.0, -1.0, 2.0, -1.0, 2.0, -1.0, -1.0, -1.0]",2,lin_accel_z,0.0003346267987470172,0.0007234777489892934,0.0016245601372772928,0.00044807088048207317,0.0013605871793194587,0.0008982645489630271,0.0005683660295527911
"[-1.0, 2.0, -1.0, -1.0, -1.0, 2.0, -1.0, -1.0, 2.0]",4,gravity_x,0.0009431258795120374,0.0005624150390400903,0.0011006566424424256,0.0014874603988730545,0.00036913574924203423,0.0008925587418219284,0.00044236191259725303
"[-1.0, 2.0, 2.0, -1.0, 2.0, -1.0, -1.0, -1.0, -1.0]",3,magn_field_z,0.0009693622956830304,0.00036554039329945526,0.0006205455412731714,0.00021423217703262239,0.0022820904675486626,0.0008903541749673883,0.0008289359673042793
"[-1.0, -1.0, -1.0, -1.0, -1.0, -1.0, 2.0, 2.0, 2.0]",1,gravity_z,0.00013245945737125494,0.00019707909709482596,0.0029130098380080044,0.0008765044167210324,0.0002893652076027321,0.0008816836033595701,0.0011733684766972279
"[-1.0, -1.0, 2.0, -1.0, -1.0, -1.0, -1.0, 2.0, 2.0]",4,magn_field_x,0.0006809918183650731,0.001445232193984982,0.0012796717611338747,0.00030750053488869675,0.0006879357242733107,0.0008802664065291875,0.0004699662686894458
"[-1.0, -1.0, 2.0, -1.0, 2.0, -1.0, -1.0, 2.0, -1.0]",3,game_rot_vec_z,0.0014013849826661913,3.133363796592467e-05,0.0006855289318366651,0.0011826635370789048,0.0010720013669960385,0.0008745824913087448,0.0005381028909869206
"[-1.0, 2.0, -1.0, -1.0, -1.0, -1.0, 2.0, 2.0, -1.0]",2,magn_field_y,0.0003491766629629986,0.0016123248900088364,0.0007439424271922897,0.0005568945235916876,0.001105675395038971,0.0008736027797589566,0.0004979223668065268
"[-1.0, -1.0, -1.0, 2.0, -1.0, 2.0, -1.0, 2.0, -1.0]",1,gravity_x,0.0012872865728163455,0.00029076708796229255,4.2066517681083215e-05,0.0008392834673410254,0.0018925369046609109,0.0008703881100923315,0.0007486048982958416
"[2.0, 2.0, 2.0, -1.0, -1.0, -1.0, -1.0, -1.0, -1.0]",3,gyros_x,0.0021562744243447097,0.0011116944280076795,0.0004262039259180991,0.0006415794387710328,0.0,0.0008671504434083042,0.0008244556385203651
"[-1.0, -1.0, 2.0, -1.0, 2.0, 2.0, -1.0, -1.0, -1.0]",1,game_rot_vec_x,0.0008220637228547715,0.0005431962042159685,0.001246972227655218,0.0008837192952484139,0.0008300335124484666,0.0008651969924845677,0.0002514343168762402
"[-1.0, -1.0, 2.0, -1.0, 2.0, -1.0, -1.0, -1.0, 2.0]",3,lin_accel_x,0.00011746280344557557,0.000520527519825499,0.0005083568208638059,0.0007542757205175146,0.0024153680145516487,0.0008631981758408086,0.0008972948401744303
"[-1.0, -1.0, 2.0, -1.0, 2.0, -1.0, -1.0, -1.0, 2.0]",4,magn_field_x,0.0018244903090632748,0.0009442624846108679,0.0004914779207718906,0.0004015512176035892,0.0006461773391611139,0.0008615918542421473,0.0005764184660118264
"[2.0, -1.0, -1.0, -1.0, -1.0, -1.0, -1.0, 2.0, 2.0]",1,gravity_x,0.0007753556420530331,0.0012122329151024256,0.0009520021893415561,0.0006570832612055479,0.0007108145910636997,0.0008614977197532525,0.00022534272229074594
"[2.0, -1.0, -1.0, -1.0, -1.0, -1.0, 2.0, 2.0, -1.0]",4,gyros_y,0.00034946466110622555,0.0020276336341666186,0.0009143462870367832,0.000994648147564812,0.0,0.0008572185459748879,0.0007721171536789894
"[2.0, -1.0, -1.0, -1.0, 2.0, -1.0, -1.0, -1.0, 2.0]",2,magn_field_x,0.00129209320079505,0.0005931023949545753,0.001643564056930493,0.0003682283438151463,0.00038893340914301753,0.0008571842811276565,0.0005778440426599207
"[-1.0, 2.0, 2.0, -1.0, -1.0, -1.0, -1.0, -1.0, 2.0]",2,lin_accel_x,0.00036826465374129844,0.0014714028808374233,0.0012714317762564833,0.0008327746357708918,0.0003278365791401439,0.0008543421051492479,0.0005168830399756776
"[2.0, 2.0, -1.0, 2.0, -1.0, -1.0, -1.0, -1.0, -1.0]",2,game_rot_vec_y,0.0009568323066200658,0.00010016359999089811,0.0010766693153939043,0.0001985645501904287,0.001936286487256542,0.0008537032518903679,0.0007465528538471762
"[-1.0, -1.0, -1.0, 2.0, 2.0, -1.0, -1.0, 2.0, -1.0]",2,accelerometer_x,0.00021038879749408712,0.0013781619965173334,0.000990539933185074,0.0011117856360800913,0.0005733969147290089,0.000852854655601119,0.00046173837248548685
"[-1.0, -1.0, 2.0, -1.0, 2.0, -1.0, -1.0, -1.0, 2.0]",2,lin_accel_x,0.0005726612187575638,5.824760600997188e-05,0.000869699040472825,0.0001595167023719801,0.002599449121559576,0.0008519147378343833,0.0010297448454944427
"[-1.0, -1.0, 2.0, -1.0, 2.0, -1.0, -1.0, -1.0, 2.0]",1,magn_field_x,0.0017187501375539836,0.00012434489428145127,0.001587541162830441,0.00018819088580832936,0.0006369543071618063,0.0008511562775272024,0.0007597108309745579
"[-1.0, -1.0, -1.0, 2.0, -1.0, 2.0, 2.0, -1.0, -1.0]",2,gyros_z,0.001709590832335827,0.0004149663001492436,0.00023173169646444413,0.0007038243477303492,0.0011919030514894063,0.0008504032456338542,0.000601803667963521
"[2.0, -1.0, -1.0, 2.0, -1.0, -1.0, -1.0, 2.0, -1.0]",4,lin_accel_y,0.0027122572767496926,0.0002495616591779182,0.0010501391499126583,0.0,0.00023926995633034138,0.0008502456084341222,0.0011140102030375828
"[-1.0, -1.0, 2.0, 2.0, 2.0, -1.0, -1.0, -1.0, -1.0]",3,gyros_y,0.0011616699232759404,0.0007431472431874948,0.0011298238481806742,0.0004431894254825089,0.0007625234276688197,0.0008480707735590875,0.00029999392635379546
"[-1.0, -1.0, 2.0, 2.0, -1.0, -1.0, -1.0, 2.0, -1.0]",3,gravity_y,0.0023885714717672363,0.0003021483106765241,0.0008185108655954084,0.00048424341223609246,0.00023193087926623435,0.000845080987908299,0.0008921885379382617
"[-1.0, 2.0, -1.0, -1.0, -1.0, 2.0, 2.0, -1.0, -1.0]",3,gyros_y,0.0009755649471207753,0.0009898466030376022,0.0011304076379578588,0.0009779789567314642,0.0001302620748887643,0.000840812043947293,0.0004024708912701246
"[-1.0, 2.0, -1.0, -1.0, -1.0, 2.0, -1.0, -1.0, 2.0]",3,gravity_x,0.0017372608277299601,0.0010050178445154658,0.0006886374037607536,0.0007691506541519689,0.0,0.0008400133460316298,0.0006256672730860989
"[2.0, -1.0, 2.0, -1.0, 2.0, -1.0, -1.0, -1.0, -1.0]",3,gyros_z,0.0009244014451967016,0.00022516036130383558,0.0017920979103535038,0.0010213387419062627,0.00023598597589543865,0.0008397968869311484,0.0006498765826138392
"[-1.0, -1.0, -1.0, -1.0, 2.0, 2.0, 2.0, -1.0, -1.0]",2,game_rot_vec_z,0.0007440724756467689,0.0015683270942951264,0.0010382970624511554,0.0005384678311980075,0.0003073814381096588,0.0008393091803401434,0.00048825863185488985
"[-1.0, -1.0, 2.0, -1.0, -1.0, -1.0, 2.0, 2.0, -1.0]",1,game_rot_vec_y,0.0012756207571009846,0.0010862297144663595,0.0002864889769363457,0.0005236874379102884,0.0010201370832061565,0.000838432793924027,0.00041510832741699784
"[-1.0, 2.0, 2.0, -1.0, -1.0, -1.0, -1.0, -1.0, 2.0]",4,lin_accel_x,0.000960496726673082,0.0006777751706084601,0.0008552865292825472,0.00012356392854823451,0.0015718971113192941,0.0008378038932863235,0.0005220153125145912
"[-1.0, -1.0, 2.0, -1.0, -1.0, -1.0, -1.0, 2.0, 2.0]",4,lin_accel_x,4.188755808626219e-05,0.0007145490046600954,0.0009995080313246675,0.001684590653055365,0.0007329270346291633,0.0008346924563511108,0.0005922038026030863
"[-1.0, -1.0, -1.0, 2.0, -1.0, -1.0, -1.0, 2.0, 2.0]",1,game_rot_vec_y,0.000714906575183347,0.0002460379770169679,0.001553849935331277,0.001238951886321942,0.0003984807000116589,0.0008304454147730385,0.000554902340330859
"[-1.0, -1.0, 2.0, -1.0, -1.0, -1.0, -1.0, 2.0, 2.0]",1,gravity_x,0.00038430764133958085,0.0014565611737771258,0.0005727830883084439,0.0008064172366956327,0.0009108472281828737,0.0008261832736607313,0.00040755389421019467
"[-1.0, -1.0, -1.0, 2.0, -1.0, -1.0, 2.0, 2.0, -1.0]",4,magn_field_z,0.0004850041525452834,5.030787370627538e-05,0.0016199046643398927,0.0010625004488243712,0.0009131323924739596,0.0008261699063779564,0.0005940928863838458
"[-1.0, -1.0, 2.0, -1.0, 2.0, 2.0, -1.0, -1.0, -1.0]",3,accelerometer_x,0.001008922850117169,0.0011741322314864134,0.0017098533141210676,0.00010485615046857591,0.00012034188013767785,0.0008236212852661805,0.0006988968169556928
"[-1.0, -1.0, 2.0, -1.0, 2.0, -1.0, 2.0, -1.0, -1.0]",2,accelerometer_y,0.0,0.0016012517712920954,0.0014807402277853883,0.0009856634449405713,4.6991254405430104e-05,0.0008229293396846971,0.000765551430565127
"[-1.0, -1.0, 2.0, -1.0, 2.0, -1.0, 2.0, -1.0, -1.0]",1,accelerometer_y,0.0008541563705588457,0.0004934300083863132,0.0008709867044870731,0.0014254959844197915,0.0004676903607963851,0.0008223518857296818,0.00038766418241134137
"[2.0, -1.0, -1.0, -1.0, 2.0, -1.0, 2.0, -1.0, -1.0]",1,gyros_y,0.0006123326100012279,0.0008965823192056746,0.0008130961452355952,0.0015016565815924696,0.0002783628471343129,0.000820406100633856,0.00044918368617375917
"[2.0, -1.0, 2.0, -1.0, 2.0, -1.0, -1.0, -1.0, -1.0]",2,game_rot_vec_z,0.00045828988497698825,0.0005539385113982168,0.00021053093394213126,0.001267895538118047,0.0016047447573323886,0.0008190799251535545,0.0005893865412542344
"[2.0, 2.0, -1.0, -1.0, -1.0, -1.0, 2.0, -1.0, -1.0]",3,magn_field_y,0.001473329305989683,0.0009912771933112058,6.136346628751026e-05,0.0010631678968853783,0.000502845233333785,0.0008183966191615125,0.0005457585013632449
"[-1.0, -1.0, 2.0, -1.0, -1.0, 2.0, -1.0, 2.0, -1.0]",4,lin_accel_z,0.00016229648433523406,0.0009400329532686318,0.0012257579667348357,0.0013101003066300061,0.00044098415202760107,0.0008158343725992616,0.0004988451446270236
"[2.0, -1.0, -1.0, 2.0, 2.0, -1.0, -1.0, -1.0, -1.0]",1,gyros_y,0.00032332476318683816,0.0002907879510342389,0.001090882438161952,0.0013945717421196349,0.000977039921762806,0.000815321363253094,0.0004885728591006479
"[-1.0, -1.0, -1.0, -1.0, 2.0, -1.0, 2.0, 2.0, -1.0]",2,lin_accel_z,0.0008683808584959102,0.00143110079544894,0.000335200554602289,0.0004654542350141184,0.000973213114905701,0.0008146699116933917,0.0004358469630405858
"[-1.0, -1.0, 2.0, -1.0, -1.0, -1.0, -1.0, 2.0, 2.0]",2,magn_field_x,0.0005961418861373114,0.0007423775311688511,0.0013084279463823156,0.0002891917461135751,0.0011170959378908327,0.0008106470095385771,0.0004075185787694779
"[2.0, 2.0, -1.0, 2.0, -1.0, -1.0, -1.0, -1.0, -1.0]",3,gyros_y,0.0011378697999334286,0.0006185379509457167,0.00046697028190477213,0.0006011829716304047,0.0012191508195666051,0.0008087423647961854,0.00034381199284294405
"[-1.0, -1.0, 2.0, -1.0, -1.0, 2.0, -1.0, 2.0, -1.0]",2,lin_accel_z,0.0005960047126681637,0.0002333212046255298,0.0018655198290772842,0.0005481884673552964,0.0007986219349346392,0.0008083312297321827,0.0006247270085064137
"[2.0, -1.0, -1.0, -1.0, -1.0, 2.0, 2.0, -1.0, -1.0]",3,lin_accel_y,0.0005972228448086201,0.0008893730182994099,0.001098887905202536,0.0009536650265687073,0.0004985644030852422,0.0008075426395929031,0.00025131255109991593
"[-1.0, 2.0, -1.0, -1.0, -1.0, -1.0, -1.0, 2.0, 2.0]",4,game_rot_vec_x,0.0009265779296366021,0.0013746275365895775,0.0008462786940122746,0.000634142859338408,0.00023880327105621095,0.0008040860581266147,0.0004155500499122079
"[-1.0, 2.0, -1.0, -1.0, 2.0, 2.0, -1.0, -1.0, -1.0]",4,gravity_x,0.0011144842051219776,0.00016045164868649602,0.000955428506985937,0.0009124716379765921,0.0008542219384493309,0.0007994115874440667,0.0003700231704010444
"[2.0, -1.0, -1.0, -1.0, -1.0, 2.0, -1.0, 2.0, -1.0]",4,magn_field_z,0.0006174513479795319,0.0014007223954206223,0.000622055625651037,0.00011550830215921767,0.0012291389190552712,0.000796975318053136,0.0005192540225730825
"[-1.0, 2.0, -1.0, 2.0, 2.0, -1.0, -1.0, -1.0, -1.0]",3,lin_accel_y,0.0012048884725596328,0.0004930300989465236,0.00011711084516255224,0.0007788545638638517,0.0013876111457467716,0.0007962990252558665,0.0005172446943091817
"[-1.0, 2.0, -1.0, 2.0, 2.0, -1.0, -1.0, -1.0, -1.0]",1,gravity_y,0.0008837724220588046,0.0003047448108028096,6.087021868189673e-05,0.00012017237991165197,0.002606131325589977,0.0007951382314090279,0.0010633398009454603
"[-1.0, 2.0, -1.0, -1.0, 2.0, -1.0, 2.0, -1.0, -1.0]",2,magn_field_y,0.0009196320379782122,0.000772239159050311,0.0016608845341618142,9.273676681308509e-05,0.0005194094844285283,0.0007929803964863901,0.0005776916595899774
"[-1.0, 2.0, -1.0, -1.0, -1.0, -1.0, 2.0, -1.0, 2.0]",3,magn_field_z,0.00011807335883132891,4.210249325702256e-05,0.0008127305463974888,0.0005595522257513738,0.0024307711730063497,0.0007926459594487127,0.000969091582715723
"[-1.0, -1.0, -1.0, 2.0, 2.0, 2.0, -1.0, -1.0, -1.0]",1,gravity_y,0.00050462525852034,0.0010538967591859768,0.0008188551870281736,0.0009082172498750945,0.000669060976457868,0.0007909310862134906,0.00021243239829269524
"[-1.0, -1.0, 2.0, -1.0, -1.0, 2.0, -1.0, 2.0, -1.0]",2,magn_field_z,0.0011182938774804499,0.00032726887257949485,0.0013141047976101645,0.0009259012673323342,0.00025992865146023876,0.0007890994932925364,0.00047329259966659014
"[-1.0, 2.0, -1.0, 2.0, 2.0, -1.0, -1.0, -1.0, -1.0]",2,lin_accel_y,0.0004052284403499348,0.0007071406454804941,0.0006534053292910276,0.0014537737115737403,0.000724722807835842,0.0007888541869062078,0.000393199382428308
"[2.0, -1.0, -1.0, 2.0, -1.0, -1.0, 2.0, -1.0, -1.0]",2,lin_accel_x,0.0009845471825239253,0.000632240184450686,0.0012090114860613265,0.00039862626711002953,0.0007095386861409153,0.0007867927612573765,0.0003153979157365626
"[2.0, -1.0, -1.0, -1.0, -1.0, -1.0, 2.0, 2.0, -1.0]",3,accelerometer_y,0.0004339394246294989,0.0005469673256014992,0.000865991403505319,0.0008279492801439413,0.001252611823723079,0.0007854918515206675,0.0003189698018086689
"[2.0, 2.0, -1.0, -1.0, 2.0, -1.0, -1.0, -1.0, -1.0]",3,accelerometer_z,0.0004748626026076569,0.000532935414821179,0.0015017998223933499,0.0007443802613253684,0.0006665949030547992,0.0007841146008404706,0.0004150872065723191
"[-1.0, -1.0, 2.0, -1.0, -1.0, 2.0, 2.0, -1.0, -1.0]",3,lin_accel_y,0.0006612702989220869,0.0006689111313362027,0.001223442806335955,0.0006597472357340372,0.0007023411450637915,0.0007831425234784146,0.0002467393609381703
"[-1.0, 2.0, 2.0, -1.0, -1.0, -1.0, 2.0, -1.0, -1.0]",4,gyros_y,0.0011778147931350725,0.0010686150553125618,0.000634619722124937,0.0005769023304375647,0.00045723018111330663,0.0007830364164246887,0.0003194031955176422
"[-1.0, -1.0, 2.0, -1.0, 2.0, 2.0, -1.0, -1.0, -1.0]",2,gyros_x,0.0009694396605444756,0.0017572108036879527,0.00014649836486135785,0.00025230731754432347,0.0007591370872566331,0.0007769186467789485,0.0006463358291383889
"[-1.0, 2.0, 2.0, -1.0, -1.0, -1.0, -1.0, 2.0, -1.0]",4,accelerometer_z,0.0009388656172913512,0.0011100008607107291,0.0006749620960131254,0.0,0.0011417209677566731,0.0007731099083543758,0.000470153300903423
"[2.0, -1.0, 2.0, -1.0, -1.0, -1.0, -1.0, -1.0, 2.0]",3,accelerometer_x,0.0007752017327064917,0.0005645391118921359,0.0013686825257088228,0.0010611694293289797,7.825237186075227e-05,0.0007695690342994365,0.0004909061748718334
"[-1.0, -1.0, -1.0, -1.0, 2.0, 2.0, 2.0, -1.0, -1.0]",2,gyros_z,0.0007331247989577236,0.0010789489170216315,0.00144559476571977,0.0004405618692008335,0.000144707697011914,0.0007685876095823745,0.0005130174152053301
"[-1.0, -1.0, -1.0, -1.0, 2.0, -1.0, 2.0, 2.0, -1.0]",4,gravity_z,0.0010973567001938654,0.00035392966696903307,0.0002302242293048883,0.0019047079958507706,0.00025183190225850933,0.0007676100989154134,0.00072932617343829
"[2.0, -1.0, -1.0, -1.0, -1.0, -1.0, -1.0, 2.0, 2.0]",2,lin_accel_x,0.0010377969415896928,0.00022635216088185274,0.0003858342632824518,0.0018758590681538252,0.0003116002820307547,0.0007674885431877154,0.0006978313784765792
"[-1.0, -1.0, 2.0, -1.0, 2.0, -1.0, -1.0, 2.0, -1.0]",1,gyros_z,0.0011726976911804285,0.0005315753475484042,0.001022876805221774,6.003654398329421e-05,0.001048157279512346,0.0007670687334892494,0.0004648481051391928
"[2.0, -1.0, -1.0, -1.0, -1.0, -1.0, 2.0, 2.0, -1.0]",1,game_rot_vec_y,7.994774657086871e-05,4.693305521152467e-05,0.0011146894417434852,0.0002385892803214408,0.002352309452840179,0.0007664937953374997,0.0009879078677360038
"[-1.0, -1.0, -1.0, -1.0, 2.0, 2.0, -1.0, -1.0, 2.0]",3,lin_accel_y,0.0010396531574230572,0.00047173316709420084,0.0006938763227555749,0.00033674373841044333,0.0012845585882254786,0.000765312994781751,0.00039365036262864976
"[2.0, -1.0, -1.0, -1.0, -1.0, -1.0, 2.0, 2.0, -1.0]",4,game_rot_vec_y,0.0009837912825330182,0.0005760201245794045,0.000733281007174749,0.0005529937030481367,0.0009792624214392356,0.0007650697077549089,0.00020943026525831087
"[-1.0, -1.0, -1.0, 2.0, -1.0, 2.0, -1.0, -1.0, 2.0]",2,gravity_y,3.12968637934407e-05,0.0005633775838747128,0.0014975055063723422,0.0009733945196218696,0.0007554316821257816,0.0007642012311576293,0.0005382965832109644
"[-1.0, 2.0, -1.0, -1.0, -1.0, -1.0, -1.0, 2.0, 2.0]",1,gyros_x,4.6923879040667355e-05,0.0003549182184474131,0.0013016768242717922,0.001303168521078703,0.000802932795266176,0.0007619240476209503,0.0005618806241955125
"[2.0, -1.0, -1.0, -1.0, -1.0, 2.0, -1.0, -1.0, 2.0]",2,accelerometer_x,0.0009631048505714452,0.00033456375021782635,0.0008263355950558958,0.0004955771090183153,0.0011843284892892538,0.0007607819588305473,0.0003451880172186376
"[-1.0, 2.0, 2.0, 2.0, -1.0, -1.0, -1.0, -1.0, -1.0]",1,gravity_y,0.00027762626901393645,0.0013109794645008732,0.0002578850274125266,0.000804835351382774,0.0011479017451738178,0.0007598455714967855,0.00048498971271185244
"[2.0, -1.0, -1.0, -1.0, -1.0, 2.0, -1.0, -1.0, 2.0]",1,accelerometer_x,0.00018007046219862226,0.0005561436931194717,0.0020761156128016223,0.0004234098216872722,0.0005459283815383059,0.0007563335942690588,0.0007531746746675304
"[-1.0, -1.0, 2.0, 2.0, -1.0, -1.0, -1.0, 2.0, -1.0]",2,lin_accel_y,0.0008838266673885098,0.0014123894026618609,0.000921825985729071,0.00024921470361452357,0.00028845992211357975,0.000751143336301509,0.00048733768772705734
"[-1.0, -1.0, 2.0, -1.0, -1.0, 2.0, -1.0, -1.0, 2.0]",2,game_rot_vec_x,0.0009480177120426126,0.0010333248455860978,0.0003335784485841431,0.00037100489305351794,0.001068812690922446,0.0007509477180377633,0.0003667987264930718
"[-1.0, -1.0, -1.0, 2.0, -1.0, 2.0, 2.0, -1.0, -1.0]",4,game_rot_vec_z,0.0010479674762022691,0.0011295934029679916,0.0007309152501572623,0.00013824353835941445,0.0007060675788473383,0.0007505574493068552,0.0003903250146885366
"[-1.0, -1.0, -1.0, 2.0, -1.0, 2.0, -1.0, -1.0, 2.0]",2,lin_accel_y,0.00048636480735447335,0.002301511868301089,0.0002211937449880058,7.339629201509769e-05,0.0006439044162253147,0.0007452742257767961,0.0008979512561193894
"[2.0, -1.0, 2.0, -1.0, -1.0, -1.0, -1.0, 2.0, -1.0]",2,gravity_z,0.00028040013810890136,0.00042897676379011153,0.0010442678104138287,0.0012892530950800968,0.0006821842959423857,0.0007450164206670648,0.0004199530279317002
"[2.0, -1.0, -1.0, 2.0, -1.0, -1.0, -1.0, 2.0, -1.0]",2,gravity_y,0.0,0.00032329479565660463,0.001130877695472396,0.001247123065664602,0.0010151451870719108,0.0007432881487731027,0.0005492843567385686
"[2.0, -1.0, -1.0, 2.0, -1.0, -1.0, -1.0, 2.0, -1.0]",3,gravity_y,3.12968637934407e-05,0.0006516433383126638,0.0002787726716160477,0.001440400908468249,0.0013084798565146918,0.0007421187277410186,0.0006197793999060577
"[2.0, -1.0, -1.0, -1.0, 2.0, -1.0, -1.0, -1.0, 2.0]",3,magn_field_x,0.0014386191230799064,0.0007531866303613513,0.0001752510105620029,0.0012769808944525405,6.269183047084178e-05,0.0007413458977853286,0.0006233517802449532
"[-1.0, -1.0, -1.0, 2.0, 2.0, -1.0, -1.0, -1.0, 2.0]",4,accelerometer_y,0.0008903481541242945,0.0016097070761440344,0.00030846504658711525,0.0007816663012428371,0.00011190849360236653,0.0007404190143401295,0.0005834062745985146
"[2.0, -1.0, -1.0, -1.0, -1.0, 2.0, 2.0, -1.0, -1.0]",3,magn_field_y,0.00016800909555873573,0.0005987667501478496,0.0014102531002173958,0.0011830099156315685,0.0003382035481715865,0.0007396484819454272,0.0005371352716503182
"[2.0, -1.0, -1.0, -1.0, 2.0, -1.0, 2.0, -1.0, -1.0]",4,game_rot_vec_y,0.0010097824138137997,0.0009289372298341184,0.000646411012085601,0.00046303664739529433,0.0006350127226205819,0.0007366360051498792,0.00022633668011960383
"[-1.0, -1.0, 2.0, 2.0, -1.0, -1.0, -1.0, -1.0, 2.0]",3,lin_accel_z,0.0,0.0013483491399633011,0.0012194314492733446,0.0008234716418429941,0.00028562581428308797,0.0007353756090725456,0.0005832794530341031
"[-1.0, 2.0, -1.0, -1.0, 2.0, -1.0, -1.0, -1.0, 2.0]",2,accelerometer_x,0.0022939617760418633,0.0001712813842427427,0.0002753059322001584,0.0007981899561264735,0.0001349704235729977,0.0007347418944368472,0.0009115217033800223
"[-1.0, 2.0, -1.0, -1.0, -1.0, -1.0, -1.0, 2.0, 2.0]",2,accelerometer_x,0.0001776538830780225,0.00014680855555547425,0.001220977590417456,0.00042565461565318607,0.0016990473616628635,0.0007340284012734004,0.0006924332549204796
"[2.0, -1.0, 2.0, 2.0, -1.0, -1.0, -1.0, -1.0, -1.0]",1,accelerometer_y,0.00011487853211489726,0.000993615087830065,0.001299086293898059,0.0003524069261963172,0.0009064826583767312,0.0007332938996832139,0.00048615711295424353
"[-1.0, -1.0, 2.0, 2.0, -1.0, -1.0, 2.0, -1.0, -1.0]",4,magn_field_x,8.640222177141696e-05,0.002041368286562232,0.001437061441198545,0.0,9.762900976290099e-05,0.000732492191859019,0.0009442725743877974
"[-1.0, -1.0, -1.0, 2.0, -1.0, 2.0, 2.0, -1.0, -1.0]",2,accelerometer_z,0.0009492514367732846,0.0008789122832869712,0.000908483151304435,0.00017509230200182032,0.0007497664006239008,0.0007323011147980823,0.00032030808770039837
"[2.0, -1.0, -1.0, -1.0, 2.0, -1.0, -1.0, -1.0, 2.0]",1,magn_field_x,0.0010651119919656204,0.0010193350284626592,0.0006271642144192642,0.0002058948621729373,0.0007413002186343422,0.0007317612631309645,0.0003469107899912767
"[-1.0, -1.0, -1.0, 2.0, 2.0, 2.0, -1.0, -1.0, -1.0]",4,lin_accel_y,0.0009703427877706332,0.0009861807263777268,0.000655171304930459,0.0008466480207242172,0.0002004278122126263,0.0007317541304031325,0.0003252040250965602
"[-1.0, 2.0, 2.0, -1.0, -1.0, -1.0, -1.0, -1.0, 2.0]",2,gravity_x,0.0,0.000452369452836151,0.0005884269473886699,0.0020068142977579763,0.0006049773799815823,0.0007305176155928759,0.0007543052626076101
"[-1.0, 2.0, -1.0, -1.0, 2.0, 2.0, -1.0, -1.0, -1.0]",2,magn_field_x,0.0009950535278972624,0.0003336503441382571,0.0009833247258551202,0.0001990628756017472,0.0011314195912346969,0.0007285022129454167,0.0004285267029436705
"[-1.0, 2.0, -1.0, 2.0, -1.0, -1.0, 2.0, -1.0, -1.0]",2,accelerometer_x,0.0003350372051743926,0.0007031362175602084,0.00077940096810258,0.000761625846434248,0.0010372158255311723,0.0007232832125605202,0.00025214772912166293
"[-1.0, 2.0, -1.0, 2.0, 2.0, -1.0, -1.0, -1.0, -1.0]",1,lin_accel_y,0.00011492279174741375,0.0002208418849893914,0.0014677284782107093,0.0011400914709292613,0.0006715254013211011,0.0007230220054395754,0.0005816261894325248
"[-1.0, -1.0, -1.0, 2.0, -1.0, -1.0, -1.0, 2.0, 2.0]",4,accelerometer_y,0.00011698927951684907,0.0007343122695544508,0.0009107481606029433,0.0010282043845733922,0.0008109784587745503,0.0007202465106044372,0.0003547810415047145
"[-1.0, 2.0, -1.0, -1.0, -1.0, -1.0, -1.0, 2.0, 2.0]",1,game_rot_vec_x,0.00039381092154518844,0.0007322950773431406,0.0006171205442954485,0.0007168553529250699,0.0011362956644934195,0.0007192755121204535,0.00026946428840569176
"[2.0, -1.0, -1.0, 2.0, -1.0, -1.0, -1.0, -1.0, 2.0]",2,lin_accel_z,0.0016063617144795234,0.00035478542977631494,0.0013502096715037886,0.00011964233813183106,0.00015861289616837923,0.0007179224100119675,0.0007056461970894376
"[-1.0, -1.0, 2.0, -1.0, -1.0, 2.0, -1.0, -1.0, 2.0]",2,accelerometer_x,0.00024865401633142466,0.00048207153176425756,0.0009195394020568067,0.001234683334916875,0.0007039438173444232,0.0007177784204827574,0.00038200949741320556
"[-1.0, 2.0, -1.0, -1.0, -1.0, 2.0, -1.0, 2.0, -1.0]",2,game_rot_vec_z,0.0009617347344674081,0.00039860743261314056,0.0002914535108051602,0.0008595306456684432,0.0010767819948609134,0.0007176216636830132,0.0003507544968137152
"[2.0, 2.0, -1.0, -1.0, -1.0, -1.0, 2.0, -1.0, -1.0]",2,magn_field_y,0.0012309517196931574,0.0015466485574993076,0.0003144732893884713,5.925870642124809e-05,0.00041800658477725305,0.0007138677715558875,0.0006396214640789611
"[2.0, -1.0, -1.0, 2.0, -1.0, -1.0, -1.0, -1.0, 2.0]",3,gravity_z,0.0009304801167766786,0.0001323596531264263,0.0008124444713069141,0.0013034316978020343,0.0003884842234322905,0.0007134400324888688,0.0004605022061163099
"[2.0, -1.0, -1.0, 2.0, -1.0, -1.0, -1.0, -1.0, 2.0]",2,gravity_z,0.0006703368208472967,0.0003053231911592734,0.0006518235540270774,0.001002855858159791,0.000928926884343912,0.0007118532617074702,0.0002749533359100741
"[2.0, -1.0, 2.0, -1.0, 2.0, -1.0, -1.0, -1.0, -1.0]",2,accelerometer_z,0.000293190424778929,0.001298230221463709,0.0012755533865225809,0.00019016635696656543,0.000500219011956362,0.0007114718803376294,0.0005370800442349606
"[-1.0, -1.0, -1.0, -1.0, 2.0, -1.0, 2.0, 2.0, -1.0]",3,gravity_z,0.0008787888747778998,0.0015827637706272207,0.00014326505857885436,0.00023222754688280602,0.0007189525033252154,0.0007111995508383993,0.0005787344483997395
"[-1.0, 2.0, -1.0, -1.0, -1.0, -1.0, 2.0, -1.0, 2.0]",2,lin_accel_z,0.0004331455818088588,0.0008063623511867845,0.0006546182877255393,0.0005723721027842011,0.0010405630346815434,0.0007014122716373853,0.00023283353401648094
"[-1.0, -1.0, 2.0, 2.0, -1.0, 2.0, -1.0, -1.0, -1.0]",4,game_rot_vec_z,0.0012780663803884174,0.0007967627943313746,0.00038069520036289567,0.00018018400028224564,0.0008712088033894464,0.0007013834357508759,0.00043156427447765654
"[-1.0, -1.0, -1.0, 2.0, -1.0, -1.0, 2.0, 2.0, -1.0]",3,lin_accel_z,0.0009741646634817778,0.0012900755692333507,0.0008085531120605424,0.00021400631931869376,0.00021919405215609469,0.0007011987432500919,0.000474999013278846
"[2.0, -1.0, 2.0, -1.0, -1.0, 2.0, -1.0, -1.0, -1.0]",3,lin_accel_x,0.000348705913900521,0.0010483368637070533,0.0008102623903420577,0.0003428646400652441,0.0009116324270256074,0.0006923604470080967,0.00032746985964534774
"[-1.0, -1.0, -1.0, -1.0, 2.0, -1.0, -1.0, 2.0, 2.0]",1,game_rot_vec_y,0.00031036473745070373,0.0002519806849032543,0.0005679960907782908,0.00015512802393921984,0.0021710979338038666,0.000691313494175067,0.0008412192491842691
"[-1.0, -1.0, -1.0, -1.0, 2.0, 2.0, -1.0, -1.0, 2.0]",1,magn_field_y,0.0002609719212436412,0.0011960750816607977,0.00031961161064469483,0.0010695888661482963,0.0006057627076476186,0.0006904020374690097,0.0004267749583107443
"[-1.0, 2.0, 2.0, -1.0, 2.0, -1.0, -1.0, -1.0, -1.0]",3,gravity_z,0.00043503122959304456,0.0003305951183160351,0.0005848668048868507,0.001779299769217585,0.00031204995474464836,0.0006883685753516327,0.0006194031094065255
"[-1.0, -1.0, 2.0, -1.0, -1.0, -1.0, -1.0, 2.0, 2.0]",3,gravity_x,0.0008055801448801119,0.00045579736373268717,0.0015344681294448413,0.0002481472540126436,0.00038471132449557585,0.000685740843313172,0.0005171267709233719
"[-1.0, -1.0, -1.0, -1.0, 2.0, 2.0, 2.0, -1.0, -1.0]",1,gyros_z,0.0005257714655806869,0.0003507060824729662,0.00036165771747708234,0.001018515847733187,0.0011714887781206428,0.0006856279782769131,0.00038391358444282253
"[-1.0, 2.0, -1.0, 2.0, -1.0, -1.0, -1.0, -1.0, 2.0]",3,game_rot_vec_z,0.0018773705632809717,8.418837148118917e-05,0.0006216225730400381,0.00033922632537195646,0.0004993603437638751,0.0006843536353876061,0.0006965555072080865
"[-1.0, 2.0, -1.0, 2.0, -1.0, -1.0, -1.0, -1.0, 2.0]",4,gyros_z,0.0002449521769838087,0.0006240411009460477,0.0017584155708031202,0.0006163518079533943,0.00017721314630950839,0.0006841947605991758,0.0006348495653612439
"[2.0, -1.0, -1.0, -1.0, -1.0, -1.0, 2.0, -1.0, 2.0]",2,accelerometer_z,0.001264436588600136,0.000165702142927147,0.0009719226707957853,0.0008852793254003293,0.00012879761184221057,0.0006832276679131215,0.0005092147981342734
"[-1.0, -1.0, 2.0, -1.0, -1.0, 2.0, 2.0, -1.0, -1.0]",4,gravity_y,4.181639986932374e-05,0.0011878867590691092,0.00019794321063450052,0.0013162070343629875,0.0006683724232610822,0.0006824451654394006,0.0005706291949748287
"[-1.0, 2.0, 2.0, -1.0, -1.0, -1.0, -1.0, 2.0, -1.0]",1,game_rot_vec_z,0.00018220007723535124,0.0008165036295678733,0.00040793046709469054,0.0001091840450873747,0.001892762920918626,0.0006817162279807831,0.0007309360205022199
"[-1.0, 2.0, -1.0, -1.0, 2.0, -1.0, -1.0, 2.0, -1.0]",3,gravity_z,0.0008334168358918967,0.0006742009571330141,0.0006089682983510397,0.0008738183511614167,0.00041133371782487306,0.0006803476320724481,0.00018598546801890694
"[2.0, 2.0, -1.0, 2.0, -1.0, -1.0, -1.0, -1.0, -1.0]",3,accelerometer_y,0.002368780113903535,0.00032441934014278443,0.0005113734154951351,0.0,0.0001917434078079129,0.0006792632554698735,0.0009627619889721996
"[2.0, -1.0, -1.0, 2.0, -1.0, 2.0, -1.0, -1.0, -1.0]",4,game_rot_vec_z,0.00016449892938389722,0.0005229503685580022,0.0007510650557487561,0.0010397728431282745,0.0009146993089757657,0.0006785973011589391,0.0003463981124216397
"[-1.0, -1.0, 2.0, -1.0, 2.0, 2.0, -1.0, -1.0, -1.0]",1,gyros_x,0.0014469727273200494,0.0003719736215093067,0.0005559295629907477,0.0007560160512787286,0.00025445400958133,0.0006770691945360326,0.0004704640713031635
"[-1.0, 2.0, -1.0, -1.0, -1.0, 2.0, -1.0, 2.0, -1.0]",1,game_rot_vec_z,0.0006634984664596851,0.00043340642595410316,0.0009950486948241716,0.0005802797081980897,0.0007106341367633612,0.0006765734864398823,0.00020685759197859493
"[-1.0, 2.0, 2.0, -1.0, -1.0, 2.0, -1.0, -1.0, -1.0]",2,gyros_x,0.000577927523295912,0.00046753482174891845,0.0008147594487956213,0.001304215465822195,0.0002008147083959282,0.000673050393611715,0.00041615572741042766
"[-1.0, 2.0, -1.0, 2.0, -1.0, -1.0, 2.0, -1.0, -1.0]",3,accelerometer_x,0.00018819569760901512,0.0010072591813568134,0.00037110052004155324,0.0014721503395611888,0.0003192445771080656,0.0006715900631353273,0.0005481062699818622
"[-1.0, -1.0, -1.0, -1.0, -1.0, -1.0, 2.0, 2.0, 2.0]",2,lin_accel_z,0.0013287312488883098,0.0009464419869645267,0.0003008422586404405,0.00018591023730540668,0.000586129484406879,0.0006696110432411126,0.0004711689913712758
"[-1.0, -1.0, 2.0, -1.0, 2.0, -1.0, -1.0, 2.0, -1.0]",2,accelerometer_z,0.0010770354373580262,0.0003420578125139686,0.0009705151411079078,0.0008977042343980511,5.849275922774097e-05,0.000669161076921139,0.00044421843741382225
"[-1.0, -1.0, -1.0, -1.0, 2.0, -1.0, -1.0, 2.0, 2.0]",3,accelerometer_y,0.0004139865398581213,0.000658235731081927,0.0016400617544272437,0.00030252263880834563,0.0003304183421167827,0.000669045001258484,0.0005605916183920276
"[-1.0, 2.0, 2.0, -1.0, -1.0, -1.0, 2.0, -1.0, -1.0]",3,game_rot_vec_y,0.00010814663403814793,0.0005783325048434899,0.0023127235039278357,0.00020293401327469037,0.00012330075677569643,0.0006650874825719722,0.0009406822895149281
"[-1.0, -1.0, -1.0, -1.0, 2.0, -1.0, 2.0, -1.0, 2.0]",1,game_rot_vec_x,0.0,0.0,0.0005677329896967543,0.00033576169509664947,0.002420745689500379,0.0006648480748587566,0.0010105631528387873
"[-1.0, 2.0, -1.0, -1.0, -1.0, 2.0, -1.0, 2.0, -1.0]",3,accelerometer_z,0.0011956361117113155,0.00044204035935871704,0.0005166350451974157,0.00016482949988392062,0.0009995034753856908,0.000663728898307412,0.00042289267845236944
"[-1.0, 2.0, 2.0, -1.0, -1.0, 2.0, -1.0, -1.0, -1.0]",3,game_rot_vec_x,0.00014443613467798026,0.00023689919883745146,0.0014874045494976153,0.00033288510876206505,0.001114261151436014,0.0006631772286422252,0.0006005675539778765
"[-1.0, 2.0, -1.0, -1.0, -1.0, -1.0, 2.0, 2.0, -1.0]",3,gravity_y,0.0003127163761641082,0.0011907637625917,0.0004483163721796514,0.0013597081882817453,0.0,0.0006623009398434409,0.0005857241506204046
"[-1.0, -1.0, 2.0, -1.0, 2.0, -1.0, 2.0, -1.0, -1.0]",1,game_rot_vec_y,0.0011607495496995996,0.0011859032726901186,0.0002775424632806526,5.053296486379785e-05,0.0006271067248713759,0.0006603669950811089,0.0005114023592494007
"[-1.0, 2.0, -1.0, 2.0, 2.0, -1.0, -1.0, -1.0, -1.0]",3,magn_field_y,9.113455399840986e-05,0.0016222563917921583,0.0006170972956855044,0.0008350193724959157,0.00012917808894606837,0.0006589371405836113,0.0006252567342480339
"[-1.0, 2.0, -1.0, -1.0, -1.0, -1.0, 2.0, -1.0, 2.0]",4,lin_accel_z,0.00044517828165945483,0.001470484968806422,0.0002610069578522368,0.0006173026870657978,0.0005005030004582821,0.0006588951791684387,0.0004715628148146122
"[-1.0, -1.0, -1.0, 2.0, -1.0, -1.0, -1.0, 2.0, 2.0]",2,game_rot_vec_y,0.0009387649783161294,0.0004814955972652821,0.0007077945298736231,0.0006339625141765971,0.0005322977431758328,0.0006588630725614929,0.00017946963953765162
"[2.0, 2.0, 2.0, -1.0, -1.0, -1.0, -1.0, -1.0, -1.0]",1,game_rot_vec_x,0.0007978523469830366,0.0014746309488692137,0.0001417312577346447,0.0005440337764487345,0.00032922688000997283,0.0006574950420091205,0.0005181836039169897
"[-1.0, 2.0, -1.0, 2.0, -1.0, -1.0, -1.0, 2.0, -1.0]",2,game_rot_vec_y,0.0001719341523459066,0.0006776455952485635,0.00020693272260706593,0.001691974394939467,0.0005349005425932261,0.0006566774815468457,0.0006173239479665481
"[-1.0, -1.0, -1.0, -1.0, 2.0, 2.0, -1.0, 2.0, -1.0]",3,lin_accel_x,0.00019319374877541996,0.0002465363683094175,0.0007157661355265271,0.00022547780527024705,0.0018948382329009358,0.0006551624581565094,0.0007255150072320875
"[2.0, -1.0, -1.0, -1.0, -1.0, 2.0, -1.0, -1.0, 2.0]",2,gyros_x,0.0001598538373477954,0.0016500868278501658,0.00023131266939007875,0.00099326537816879,0.0002386193028859537,0.0006546276031285567,0.0006524327798840992
"[2.0, -1.0, -1.0, -1.0, -1.0, -1.0, 2.0, -1.0, 2.0]",2,gyros_z,0.0009851716945720966,0.0010041060725623561,0.0006834119104610635,0.0005215204195059976,7.837619672977518e-05,0.0006545172587662577,0.0003814466798137554
"[-1.0, -1.0, 2.0, -1.0, 2.0, 2.0, -1.0, -1.0, -1.0]",3,gyros_x,0.000863796225776368,0.0005381982665030548,0.00018096181677623415,0.0008277828019632124,0.0008587572241453332,0.0006538992670328405,0.0002972017635297532
"[2.0, -1.0, -1.0, 2.0, 2.0, -1.0, -1.0, -1.0, -1.0]",1,accelerometer_y,0.0003176699748955271,0.00028535644395082923,0.00033465141290614346,0.0002519970003406172,0.0020718127104552534,0.0006522975085096741,0.0007941637549270673
"[-1.0, 2.0, 2.0, 2.0, -1.0, -1.0, -1.0, -1.0, -1.0]",3,magn_field_y,0.0004649377219350215,0.0006812256459981631,0.0005620502045093046,0.00034179638702531425,0.0011927750144650382,0.0006485569947865682,0.0003288396365690272
"[-1.0, 2.0, -1.0, 2.0, -1.0, -1.0, 2.0, -1.0, -1.0]",1,accelerometer_x,0.0005072362778103792,0.00046402731184523875,0.0006280195262569101,0.0010408319381732527,0.0005995923943228021,0.0006479414896817166,0.00022952113498631813
"[-1.0, 2.0, 2.0, -1.0, -1.0, 2.0, -1.0, -1.0, -1.0]",2,accelerometer_x,0.0008376332757685583,5.895512567443086e-05,0.0008811948741385075,0.00037927215127133416,0.001070585102956149,0.0006455281059617959,0.0004147519641889985
"[-1.0, -1.0, -1.0, 2.0, -1.0, 2.0, 2.0, -1.0, -1.0]",1,gyros_z,0.00013627306296434702,0.00035780207922628385,0.0003743291818696845,0.00011837146754417741,0.0022385669389188754,0.0006450685461046737,0.000898796641414058
"[-1.0, -1.0, -1.0, -1.0, 2.0, 2.0, -1.0, -1.0, 2.0]",2,magn_field_y,0.0,0.0014457929196545049,0.0003476482617586912,0.0005546844037772145,0.0008674018566243228,0.0006431054883629467,0.0005484783275762185
"[-1.0, 2.0, -1.0, -1.0, -1.0, 2.0, 2.0, -1.0, -1.0]",2,game_rot_vec_y,0.0006825458006947552,0.0011560389702222724,0.00027763653895473625,0.00041141801829115644,0.0006653507974831189,0.0006385980251292078,0.0003362648507771828
"[2.0, 2.0, -1.0, -1.0, -1.0, -1.0, -1.0, 2.0, -1.0]",1,magn_field_z,0.00020657047979893563,0.0005846402756468326,0.0017984050094760995,0.00023124127490533572,0.00037153143020077716,0.000638477694005596,0.0006655778495553427
"[-1.0, -1.0, 2.0, -1.0, -1.0, 2.0, -1.0, 2.0, -1.0]",1,lin_accel_z,0.00021367572359263278,0.00020654375212171441,0.00020182431127862662,0.0009105280368921755,0.0016574664510929406,0.000638007654995618,0.0006461497876492632
"[-1.0, 2.0, -1.0, 2.0, 2.0, -1.0, -1.0, -1.0, -1.0]",4,magn_field_y,0.0007815649192206182,0.0009820091585018436,0.0007988274422592039,0.00045095595443112886,0.00017451325639604556,0.0006375741461617681,0.00032195620162900915
"[-1.0, 2.0, -1.0, -1.0, 2.0, -1.0, 2.0, -1.0, -1.0]",3,lin_accel_y,0.0014823239909102987,0.00027553936199359807,0.0008643156843267077,0.00056337320280629,0.0,0.0006371104480073789,0.000571858528625879
"[-1.0, 2.0, 2.0, -1.0, 2.0, -1.0, -1.0, -1.0, -1.0]",3,lin_accel_z,0.0011881413829557422,0.0005464986042776089,0.0011070368974201335,0.00023410499266877892,0.00010147304152336716,0.0006354509837691261,0.0004954754092035382
"[2.0, -1.0, -1.0, -1.0, -1.0, 2.0, -1.0, -1.0, 2.0]",2,game_rot_vec_x,0.0006481438520795234,0.00027496387527435915,0.0001928478357346403,0.0003670891006152995,0.0016940329099799881,0.000635415514736762,0.0006161621944518353
"[-1.0, -1.0, 2.0, 2.0, -1.0, -1.0, 2.0, -1.0, -1.0]",4,lin_accel_x,0.0009860972385470597,3.138280483818242e-05,0.00021552593572656984,0.0006944292042685945,0.001246750488595895,0.0006348371343952603,0.000510233240244045
"[-1.0, 2.0, 2.0, -1.0, -1.0, -1.0, 2.0, -1.0, -1.0]",1,game_rot_vec_y,0.0013477540051795144,0.00039337399418679553,0.0006276217181126551,0.0005823937943065947,0.00021433952562924547,0.0006330966074829611,0.0004319028741187672
"[2.0, 2.0, -1.0, -1.0, -1.0, 2.0, -1.0, -1.0, -1.0]",1,magn_field_x,0.0005847688833339646,0.0009110240054884816,0.0,0.0001066643812408451,0.0015536595559621975,0.0006312233652050978,0.0006334311343085831
"[-1.0, 2.0, -1.0, -1.0, -1.0, 2.0, 2.0, -1.0, -1.0]",4,accelerometer_y,9.451919921233998e-05,0.0005350773723437603,0.0012486271468426671,0.0008908665251338025,0.00038412108165665563,0.0006306422650378451,0.00044915344370360813
"[-1.0, -1.0, -1.0, -1.0, -1.0, 2.0, 2.0, -1.0, 2.0]",1,gravity_x,0.00034017891042688396,0.0007960712223755188,0.0013921696278147847,6.288712103183201e-05,0.0005593337670664217,0.0006301281297430882,0.0005047497172630228
"[-1.0, 2.0, 2.0, -1.0, -1.0, -1.0, -1.0, -1.0, 2.0]",4,gravity_x,0.0005341497631491421,0.0005075298114063843,0.0008094570256614492,0.0010131878469922435,0.00027504738791419214,0.0006278743670246822,0.00028687659820432183
"[-1.0, 2.0, -1.0, -1.0, 2.0, 2.0, -1.0, -1.0, -1.0]",1,magn_field_x,4.73559589581689e-05,0.0007830588291253972,0.0004206602111361718,0.0009117578737892252,0.0009566318529974503,0.0006238929452012826,0.0003849070073340914
"[2.0, -1.0, -1.0, 2.0, -1.0, -1.0, -1.0, 2.0, -1.0]",4,gravity_y,0.0001600899902804563,0.001308886283482818,0.0013369896532496248,9.002922452662332e-05,0.00021718944109393618,0.0006226369185266918,0.0006409458428766629
"[-1.0, -1.0, -1.0, -1.0, -1.0, 2.0, 2.0, -1.0, 2.0]",1,magn_field_x,0.000539972168321612,0.0009316404398600164,0.0002557381015555116,0.00020992085786107067,0.0011577393443133676,0.0006190021823823156,0.0004163935864352535
"[2.0, 2.0, -1.0, 2.0, -1.0, -1.0, -1.0, -1.0, -1.0]",1,accelerometer_y,0.0004045448551834502,0.0004141335100575637,0.0005253401416513628,0.0006173296625006282,0.001129491720631765,0.0006181679780049539,0.00029888734602833604
"[2.0, -1.0, -1.0, 2.0, -1.0, 2.0, -1.0, -1.0, -1.0]",2,accelerometer_z,0.0009315852324037288,0.0005459124155175881,0.0007174453114221556,0.00042482935839378936,0.00045260823067562515,0.0006144761096825773,0.00021096737479170516
"[2.0, -1.0, -1.0, -1.0, -1.0, 2.0, -1.0, 2.0, -1.0]",2,lin_accel_z,0.00020505682945116827,0.0002547972462170409,0.0,0.0008783897870047675,0.0017262492504522004,0.0006128986226250355,0.0007036070324597192
"[-1.0, -1.0, 2.0, -1.0, 2.0, -1.0, -1.0, -1.0, 2.0]",4,lin_accel_x,0.0006669494899857084,0.0011128200237497294,0.0007930926308381444,0.0004908581440086622,0.0,0.0006127440577164489,0.0004110508681251776
"[-1.0, -1.0, 2.0, 2.0, 2.0, -1.0, -1.0, -1.0, -1.0]",1,accelerometer_y,0.0011918584266432607,0.0004790934201540713,0.00020421599414078821,0.0006481105592805759,0.0005262888686365641,0.0006099134537710521,0.000363598800708093
"[-1.0, 2.0, 2.0, -1.0, -1.0, -1.0, 2.0, -1.0, -1.0]",1,accelerometer_y,0.00010682867347397963,0.0,0.0006255142566740603,0.00045105614124297914,0.0018630661734660916,0.0006092930489714221,0.0007451438724200925
"[-1.0, -1.0, -1.0, -1.0, -1.0, 2.0, -1.0, 2.0, 2.0]",2,gravity_y,0.00031877113071329753,0.0002403704436375997,0.00019321448230357987,0.0010190969195953909,0.0012706919968952135,0.0006084289946290164,0.0004997530127719575
"[2.0, -1.0, -1.0, -1.0, -1.0, 2.0, -1.0, 2.0, -1.0]",3,gravity_z,0.0010739870003098322,0.0008447222158213931,0.00044237751486344884,0.0005083671094643228,0.00015814169414606896,0.0006055191069210132,0.0003580783900118343
"[2.0, 2.0, -1.0, -1.0, -1.0, 2.0, -1.0, -1.0, -1.0]",4,gravity_x,0.00013942528645618968,0.0005954168172583286,0.00166505557047738,4.18082048602038e-05,0.0005831941212124201,0.0006049800000529045,0.000643861389633957
"[2.0, -1.0, -1.0, -1.0, -1.0, 2.0, 2.0, -1.0, -1.0]",4,magn_field_y,0.0010097379823170243,0.001178303251539602,0.0007304076328591265,4.18082048602038e-05,6.015037593984966e-05,0.0006040814895031612,0.0005296834950182219
"[-1.0, 2.0, 2.0, -1.0, 2.0, -1.0, -1.0, -1.0, -1.0]",1,lin_accel_z,0.00040783821774504286,0.0003874268217637718,0.00017793985565942703,0.00021642329008126376,0.001828426713379126,0.0006036109797257263,0.0006921608120170239
"[2.0, 2.0, -1.0, -1.0, -1.0, 2.0, -1.0, -1.0, -1.0]",2,magn_field_x,0.0003388898748655484,0.00037668737733003105,0.0011527361771789695,5.8512375106118995e-05,0.0010854447000057605,0.0006024541008972856,0.0004879548129885387
"[-1.0, 2.0, -1.0, -1.0, -1.0, -1.0, 2.0, 2.0, -1.0]",2,gravity_y,0.0,0.0011542187508283078,0.00013628998470523507,0.0016716480276254002,4.181639986932374e-05,0.0006007946326056534,0.0007652092314226423
"[-1.0, -1.0, -1.0, 2.0, 2.0, 2.0, -1.0, -1.0, -1.0]",2,magn_field_y,0.00016657402506466324,0.001006580436972043,0.0005501582515805872,0.0,0.0012753249600991395,0.0005997275347432866,0.0005412285464359886
"[2.0, -1.0, -1.0, 2.0, -1.0, -1.0, 2.0, -1.0, -1.0]",3,magn_field_x,0.0006198415212517288,0.0005356012638246649,0.0005003831118856017,0.00045087545416936037,0.0008853100346936077,0.0005984022771649926,0.00017182228468604882
"[2.0, -1.0, -1.0, -1.0, 2.0, -1.0, 2.0, -1.0, -1.0]",4,gyros_y,0.00016829907847275676,0.0011376161048709194,0.00021890846677164442,0.000797542499982262,0.0006615651278391801,0.0005967862555873525,0.0004072435334237171
"[-1.0, -1.0, -1.0, -1.0, -1.0, 2.0, -1.0, 2.0, 2.0]",1,gravity_y,0.0006059458228769048,0.000270036792693159,0.0007205909430837037,0.00105421543877806,0.00030997266573850604,0.0005921523326340666,0.00032154814436078624
"[-1.0, 2.0, 2.0, 2.0, -1.0, -1.0, -1.0, -1.0, -1.0]",4,lin_accel_y,0.00016351656098672344,0.0004946837041080765,0.001478955496743739,0.0008168157322331246,0.0,0.0005907942988143327,0.0005875281731630986
"[-1.0, -1.0, -1.0, -1.0, -1.0, 2.0, 2.0, 2.0, -1.0]",3,accelerometer_z,0.0006636683667463603,0.000311847294773732,0.0002997582304578338,0.0009319232982329435,0.0007389264449647616,0.0005892247270351263,0.000276642306559491
"[-1.0, 2.0, 2.0, -1.0, -1.0, -1.0, -1.0, 2.0, -1.0]",3,accelerometer_z,0.00022583492582636507,0.0014328010090972581,0.0002438693930188565,0.0007795273918334634,0.00026072065317124185,0.0005885506745894369,0.000526087244916378
"[2.0, -1.0, -1.0, 2.0, -1.0, -1.0, 2.0, -1.0, -1.0]",1,lin_accel_x,0.00032546555760948055,0.0005458702693979913,0.0009010863813926229,0.00016596305550985646,0.0009857760439994283,0.0005848322615818758,0.00035532137591074125
"[-1.0, -1.0, -1.0, 2.0, -1.0, -1.0, 2.0, 2.0, -1.0]",1,gravity_z,0.00018728629794764618,0.00010148741260695363,0.0007832816501156848,0.0,0.00185165233163272,0.0005847415384606009,0.000771023511145911
"[2.0, -1.0, -1.0, -1.0, 2.0, -1.0, -1.0, -1.0, 2.0]",4,lin_accel_x,0.0006334715655095125,0.00032069820367016744,0.0009197397944963668,0.0006071277881822633,0.0004343606832874937,0.0005830796070291608,0.00022771641653009277
"[-1.0, 2.0, -1.0, -1.0, 2.0, -1.0, -1.0, -1.0, 2.0]",2,game_rot_vec_x,0.0011647097944703668,0.000140799165634574,0.0005100570849988855,0.0006276023363707993,0.0004623690614721789,0.0005811074885893609,0.00037275052497875
"[-1.0, -1.0, -1.0, -1.0, 2.0, 2.0, -1.0, 2.0, -1.0]",2,magn_field_x,0.00039195682607830255,0.0007528846604185454,0.0003965562546134957,0.00029612868521057095,0.0010660904410401608,0.0005807233734722151,0.0003223992760045398
"[2.0, -1.0, -1.0, 2.0, 2.0, -1.0, -1.0, -1.0, -1.0]",3,game_rot_vec_y,0.0011410077115438014,0.001025863313882642,6.27287200736033e-05,0.00025904160482204564,0.0004140262949781959,0.0005805335290600576,0.00047740272910884695
"[2.0, -1.0, -1.0, -1.0, -1.0, -1.0, 2.0, 2.0, -1.0]",3,gyros_y,0.0009874146867304323,0.0009414930446877124,0.0008457480155055456,0.00011459018468884706,0.0,0.0005778491863225075,0.00047965329203940874
"[-1.0, -1.0, 2.0, -1.0, 2.0, -1.0, 2.0, -1.0, -1.0]",2,gyros_y,0.001004046769199601,0.00045202494968292007,0.0007284428563415219,0.00024239039286146522,0.00046053017386596867,0.0005774870283902953,0.00029430013108571834
"[-1.0, 2.0, -1.0, 2.0, 2.0, -1.0, -1.0, -1.0, -1.0]",2,gravity_y,0.0008866823517961442,0.0002895319894433689,0.0006090548739879669,6.288484213284423e-05,0.0010359657695038606,0.000576823965372837,0.0004045158678092413
"[2.0, -1.0, -1.0, -1.0, -1.0, -1.0, -1.0, 2.0, 2.0]",3,lin_accel_x,0.00022333499469123316,0.0012482035639039698,0.0001099926960098734,0.00022533158664414377,0.0010609757084265258,0.0005735677099351492,0.0005365475837195858
"[-1.0, 2.0, 2.0, 2.0, -1.0, -1.0, -1.0, -1.0, -1.0]",2,magn_field_y,0.0007266052895931127,0.0007000704369572756,0.000489596619062461,7.839449259327555e-05,0.000861474899902694,0.0005712283476217637,0.00030599603222978856
"[2.0, 2.0, -1.0, -1.0, 2.0, -1.0, -1.0, -1.0, -1.0]",1,gyros_z,0.0006127035669179887,0.00025738886818291455,0.0003384028767139277,0.00016855591130397459,0.0014754806949732497,0.0005705063836184109,0.0005325030293515331
"[2.0, -1.0, 2.0, -1.0, 2.0, -1.0, -1.0, -1.0, -1.0]",1,accelerometer_z,0.0008128136532668017,0.0007760219532538404,0.0007146742056756214,0.0003681037085161021,0.00017904635491277536,0.0005701319751250281,0.00028104311024197904
"[2.0, -1.0, -1.0, -1.0, -1.0, -1.0, -1.0, 2.0, 2.0]",3,magn_field_x,0.00047741484123526196,3.154988826081241e-05,0.00021849331409549985,0.0008095592423564835,0.001308160612481476,0.0005690355796859068,0.000506044107409554
"[-1.0, 2.0, -1.0, -1.0, 2.0, -1.0, -1.0, -1.0, 2.0]",2,gyros_x,0.0007860905663985235,0.0001683889295663165,0.0006409071068354361,0.0006006790464407793,0.0006479866667872567,0.0005688104632056624,0.0002345370182291446
"[-1.0, -1.0, 2.0, 2.0, 2.0, -1.0, -1.0, -1.0, -1.0]",2,accelerometer_y,0.0010568815740615374,0.00017845370376714186,0.00037273461392912173,0.00014570293693957513,0.0010628838441972958,0.0005633313345789345,0.00046152354433330855
"[2.0, -1.0, -1.0, 2.0, -1.0, -1.0, -1.0, -1.0, 2.0]",4,gravity_z,0.00011918211275124456,0.00025444078057480356,0.0006141562433646006,0.00021672931137511214,0.0016109474978344032,0.0005630911891800328,0.0006149994667904643
"[-1.0, -1.0, 2.0, 2.0, 2.0, -1.0, -1.0, -1.0, -1.0]",3,accelerometer_y,0.00042190131930847525,0.0005893543334557169,0.001106020205210292,0.0005371091439652328,0.0001539469592483335,0.0005616663922376101,0.0003476564992479968
"[-1.0, -1.0, -1.0, -1.0, -1.0, 2.0, -1.0, 2.0, 2.0]",1,magn_field_y,0.00011363428846681547,0.0004177580192626821,0.000987721553188295,0.00024287721324925792,0.001045932857676045,0.0005615847863686192,0.00042985634312087405
"[-1.0, -1.0, -1.0, 2.0, -1.0, -1.0, 2.0, -1.0, 2.0]",2,gyros_x,0.0006442148624540908,0.0007143792304256868,0.0010139106465847695,0.0003871972707821549,4.700659398054449e-05,0.0005613417208454493,0.00036399655963292925
"[-1.0, 2.0, -1.0, -1.0, -1.0, -1.0, 2.0, -1.0, 2.0]",2,magn_field_z,0.00086265802427846,0.0005467319993610511,0.0010016098763556201,0.00012021068136344707,0.0002724049361043169,0.0005607231034925789,0.00037514002504617617
"[-1.0, -1.0, 2.0, -1.0, -1.0, 2.0, -1.0, 2.0, -1.0]",3,gravity_z,0.0013921565622959748,0.00022656622834798113,0.0009166359225722587,7.337526205450736e-05,0.00019366024552273052,0.0005604788441586906,0.0005704952038255132
"[-1.0, -1.0, -1.0, 2.0, -1.0, 2.0, -1.0, -1.0, 2.0]",3,magn_field_y,0.000864672661787346,0.0013209501691924695,0.00035726554020221976,0.00016690572434476463,8.87119048923862e-05,0.0005597012000838371,0.000521921206639532
"[-1.0, -1.0, -1.0, -1.0, 2.0, 2.0, 2.0, -1.0, -1.0]",2,accelerometer_z,0.0003962712248114353,0.00041124626656458696,0.001191068783387028,0.0004522393738393869,0.00034638513666226625,0.0005594421570529407,0.00035511431287926965
"[2.0, -1.0, 2.0, -1.0, -1.0, 2.0, -1.0, -1.0, -1.0]",4,lin_accel_x,0.00011250910369421636,0.0006175537534929976,0.0009227792797536121,0.0005203113737336403,0.0006230023951317089,0.000559231181161235,0.0002918522211974086
"[-1.0, 2.0, 2.0, -1.0, -1.0, -1.0, -1.0, 2.0, -1.0]",3,gyros_z,0.0003183554286304609,0.0008286737116093851,0.0003888094043631125,0.0008108515186229135,0.00044844336097507164,0.0005590266848401887,0.0002425131509891794
"[-1.0, 2.0, -1.0, 2.0, -1.0, 2.0, -1.0, -1.0, -1.0]",2,gravity_z,0.00016132405856856475,0.00010463830814153499,0.00021399577246113843,0.0007244449071166263,0.0015804109795298257,0.000556962805163538,0.0006233478711807817
"[-1.0, 2.0, -1.0, -1.0, -1.0, 2.0, -1.0, 2.0, -1.0]",2,accelerometer_z,0.0008651551628058279,0.0002810352319737216,0.0,0.0013598691864058093,0.00027530153854047414,0.0005562722239451666,0.000548934300015572
"[-1.0, 2.0, 2.0, -1.0, -1.0, -1.0, 2.0, -1.0, -1.0]",1,gyros_y,0.00035345342846119013,0.0006366454273558278,0.00013633626870658154,0.0011757029686132229,0.0004759605205470131,0.0005556197227367672,0.0003918174991254878
"[-1.0, -1.0, 2.0, 2.0, -1.0, 2.0, -1.0, -1.0, -1.0]",1,game_rot_vec_z,4.177545691906005e-05,0.0003822683563588586,0.0001812369176018499,0.0009338730000520493,0.0012385513543245847,0.0005555410170512805,0.0005108131348080092
"[2.0, 2.0, -1.0, -1.0, -1.0, -1.0, -1.0, -1.0, 2.0]",4,gyros_x,0.0007419995561707146,0.00022708535792385491,0.001118750460400496,3.147540983606557e-05,0.0006530969455326715,0.0005544815459727606,0.00043128038772763746
"[-1.0, -1.0, 2.0, -1.0, -1.0, -1.0, 2.0, -1.0, 2.0]",2,gyros_z,0.0005285122205678222,0.0010988122485931773,0.000257641292480122,0.0008367697635205384,5.004561449237585e-05,0.000554356227930807,0.00042403614939723143
"[-1.0, 2.0, 2.0, -1.0, 2.0, -1.0, -1.0, -1.0, -1.0]",2,gravity_z,0.00016821449629216963,0.0,0.0007061919032062414,0.0008845330394737706,0.0010100107994812744,0.0005537900476906912,0.000446124015633574
"[-1.0, -1.0, -1.0, -1.0, -1.0, 2.0, 2.0, 2.0, -1.0]",2,accelerometer_z,0.0001414538358950758,0.0001382442589163707,0.0007636358899966147,0.0007182627960806183,0.0010048051441941775,0.0005532803850165714,0.0003928101752487745
"[-1.0, 2.0, -1.0, 2.0, -1.0, 2.0, -1.0, -1.0, -1.0]",1,gravity_z,0.00020712289068698878,0.00023244136366705806,0.0008528800029937959,0.0007771567449577561,0.0006880916444898654,0.0005515385293590929,0.00030854584323434847
"[2.0, -1.0, -1.0, 2.0, -1.0, -1.0, 2.0, -1.0, -1.0]",1,gravity_x,0.0005516402378914897,0.0004604485800843879,0.00031547994186023474,0.0006886278569578179,0.0007300606741522909,0.0005492514581892443,0.00016930632916831867
"[-1.0, -1.0, -1.0, -1.0, 2.0, -1.0, -1.0, 2.0, 2.0]",2,game_rot_vec_y,9.190982438884006e-05,0.00086656482589744,0.00035005509210581196,0.000502243432805437,0.0009311344473296867,0.0005483815245054431,0.00035269282793836244
"[2.0, -1.0, -1.0, -1.0, 2.0, -1.0, -1.0, -1.0, 2.0]",2,gravity_x,0.0010062527812446272,0.00016713455501569715,0.0010546688574981206,0.00037613571787345116,0.0001363902236920427,0.0005481164270647878,0.00045020198286625513
"[2.0, -1.0, 2.0, 2.0, -1.0, -1.0, -1.0, -1.0, -1.0]",2,gyros_y,0.000616719308343379,0.0003737573154516489,0.0011088996186031709,0.0005399331597539368,9.25544006849866e-05,0.0005463727605674244,0.00037322036617563615
"[-1.0, -1.0, -1.0, 2.0, -1.0, -1.0, 2.0, -1.0, 2.0]",1,gyros_x,8.776856265917852e-05,0.00019836467758789448,0.0,4.215796060865555e-05,0.0024035424962556055,0.0005463667394222667,0.0010408245074363545
"[2.0, 2.0, -1.0, -1.0, -1.0, -1.0, -1.0, -1.0, 2.0]",3,game_rot_vec_x,0.0005444644507093286,0.0011280945991276549,0.0,0.0008900500993453304,0.00016093986407566461,0.0005447098026515957,0.00047528568680763457
"[-1.0, -1.0, -1.0, -1.0, 2.0, 2.0, -1.0, -1.0, 2.0]",2,gravity_y,0.0006184344094349572,0.0002670107454080942,0.0002672719849861631,0.001325187377793186,0.00024349817155252745,0.0005442805378349856,0.0004635182297863518
"[-1.0, -1.0, -1.0, -1.0, -1.0, 2.0, -1.0, 2.0, 2.0]",2,magn_field_y,0.00031233373755154586,0.0004701029914308092,0.00040054594074876495,0.00010239579914670166,0.0014347240243127977,0.0005440204986381238,0.0005167476772435128
"[-1.0, -1.0, 2.0, 2.0, -1.0, 2.0, -1.0, -1.0, -1.0]",2,accelerometer_z,0.0012837758839065422,0.0009539658207467264,3.185981680605337e-05,7.32696585110559e-05,0.00036943182635625017,0.0005424606012653256,0.0005544540451510528
"[2.0, -1.0, 2.0, -1.0, -1.0, 2.0, -1.0, -1.0, -1.0]",1,magn_field_x,6.082412075738316e-05,0.00020382344656498462,0.0007057329115204675,0.00014052972148511186,0.0016005612724395723,0.0005422942945535039,0.0006431236260172588
"[-1.0, -1.0, -1.0, -1.0, 2.0, 2.0, -1.0, 2.0, -1.0]",1,lin_accel_x,0.000914955686201925,0.0002935406538184423,0.0007459538919833029,0.00023859504015103,0.0005138822313981688,0.0005413855007105737,0.0002895118612231934
"[-1.0, 2.0, -1.0, -1.0, 2.0, -1.0, 2.0, -1.0, -1.0]",1,gravity_y,8.393993084822735e-05,0.001264614183014538,0.0005541505036404654,0.00023099277122191702,0.0005721393790953304,0.0005411673535640957,0.00045545810213669786
"[-1.0, -1.0, 2.0, 2.0, -1.0, -1.0, -1.0, 2.0, -1.0]",4,gravity_y,0.0004906537713643486,0.0,0.0002061071957623924,0.0016293655661671989,0.0003792335170571196,0.0005410720100702119,0.0006360182599113935
"[-1.0, 2.0, -1.0, -1.0, -1.0, 2.0, 2.0, -1.0, -1.0]",3,game_rot_vec_y,0.0003243480621106692,0.00029374687899255556,0.00109746476831416,0.0004281382399941168,0.0005417713335371564,0.0005370938565897315,0.00032801954532443614
"[-1.0, -1.0, 2.0, -1.0, 2.0, -1.0, -1.0, 2.0, -1.0]",2,gyros_z,8.87890434328586e-05,0.0005763556390846615,0.0007543565548015431,0.0006557632093839997,0.000586460310099388,0.0005323449513604902,0.0002579382070472135
"[-1.0, 2.0, -1.0, -1.0, -1.0, 2.0, -1.0, -1.0, 2.0]",4,magn_field_x,0.00026306094513106604,0.00025883734358494325,0.0006032016934661156,0.0010660159402505766,0.00046931700438482076,0.0005320865853635044,0.00033208352794961187
"[-1.0, 2.0, -1.0, -1.0, -1.0, -1.0, 2.0, 2.0, -1.0]",3,lin_accel_y,0.00011284608319118227,0.00016638309048479097,0.0006625134050272271,0.0008991355589161609,0.0008128154270934799,0.0005307387129425683,0.0003674361672047936
"[-1.0, -1.0, -1.0, 2.0, -1.0, -1.0, 2.0, -1.0, 2.0]",3,accelerometer_x,0.0003285208933747597,0.0001801919435920872,0.0007026216419108479,0.001166545044776617,0.00026746727047122535,0.0005290693588251075,0.0004083094523853494
"[-1.0, 2.0, -1.0, 2.0, -1.0, -1.0, -1.0, 2.0, -1.0]",3,game_rot_vec_y,0.002035599154994353,8.014612500569217e-05,4.206098843322818e-05,0.00048190673731215376,0.0,0.0005279426011490855,0.0008646492931879472
"[-1.0, -1.0, -1.0, 2.0, -1.0, 2.0, -1.0, -1.0, 2.0]",1,magn_field_y,0.0005265207026510489,0.00037212771797288414,0.000532718041272208,0.0007886092705021129,0.000408709479949646,0.00052573704246958,0.00016312758174205134
"[2.0, -1.0, -1.0, -1.0, 2.0, -1.0, -1.0, 2.0, -1.0]",4,game_rot_vec_z,0.0004003623743990154,0.0001266162550933655,0.0011923505545642034,0.00039453523166878756,0.0005118039491806056,0.0005251336729811954,0.0003989974971065141
"[-1.0, 2.0, 2.0, -1.0, -1.0, -1.0, -1.0, 2.0, -1.0]",1,gyros_z,0.00045964537168343295,8.363576421802996e-05,0.0011147852464926682,0.0007590882139870958,0.000206949455024601,0.0005248208102811656,0.0004191877662791032
"[2.0, -1.0, -1.0, -1.0, -1.0, -1.0, 2.0, 2.0, -1.0]",2,accelerometer_y,0.00044222741705606514,0.0005321076641741769,0.00021022083467710402,0.0008643982586377435,0.0005721686905987897,0.0005242245730287759,0.00023632646868410712
"[2.0, 2.0, -1.0, 2.0, -1.0, -1.0, -1.0, -1.0, -1.0]",4,accelerometer_y,0.00046291554225887723,0.00011551380024619283,0.001252166835923489,0.0003513160000906283,0.0004342938965038409,0.0005232412150046057,0.00042973343404995756
"[-1.0, -1.0, -1.0, 2.0, 2.0, -1.0, -1.0, -1.0, 2.0]",3,accelerometer_y,0.0002324692752522424,0.0007692578140035872,0.00016133939645279215,0.0009730350260957817,0.0004796661746339584,0.0005231535372876723,0.0003465034748757237
"[-1.0, -1.0, 2.0, -1.0, -1.0, -1.0, -1.0, 2.0, 2.0]",2,gravity_x,0.0008880276880981244,4.1912246234446625e-05,0.0009672342525188613,0.00042956938780613826,0.0002834738294448981,0.0005220434808204937,0.00039627395891082926
"[-1.0, 2.0, -1.0, 2.0, -1.0, -1.0, -1.0, -1.0, 2.0]",2,accelerometer_z,0.0001920031618230588,0.0007860629904391705,0.00028522908375078773,0.0007703144341125868,0.0005662182954630169,0.0005199655931177242,0.00027307611791103356
"[2.0, -1.0, 2.0, -1.0, -1.0, -1.0, -1.0, 2.0, -1.0]",1,gravity_z,0.0002208199621420248,0.0004611348074909996,0.0008764144542226998,0.0006528719172883385,0.00037339472515106646,0.0005169271732590258,0.0002545122348813492
"[2.0, 2.0, 2.0, -1.0, -1.0, -1.0, -1.0, -1.0, -1.0]",2,game_rot_vec_x,0.00011602021652272906,0.000544751973700345,0.0009572576525042828,0.0007683633829401801,0.00019607260272261546,0.0005164931656780305,0.000361095008132051
"[-1.0, 2.0, -1.0, -1.0, -1.0, 2.0, -1.0, -1.0, 2.0]",2,lin_accel_x,0.0005692849093184428,0.000209529460038915,0.0002790089733788957,0.0008029190227369498,0.000720911755589937,0.0005163308242126281,0.00026326746195077773
"[2.0, -1.0, 2.0, -1.0, -1.0, -1.0, -1.0, -1.0, 2.0]",1,accelerometer_x,0.00011851784111887793,0.0005089192209044331,0.0003077203310986499,0.00013479258668009218,0.0015033571532304998,0.0005146614266065107,0.0005748058162655665
"[2.0, -1.0, 2.0, -1.0, -1.0, -1.0, -1.0, 2.0, -1.0]",2,magn_field_z,0.00023511079365147816,0.0002065612276754372,0.0009825158401138498,0.0005171749683510603,0.0006279478718839725,0.0005138621403351595,0.0003181190749893072
"[-1.0, -1.0, -1.0, 2.0, -1.0, 2.0, -1.0, -1.0, 2.0]",4,magn_field_y,0.00011794546047215061,0.0008788235512971801,0.0004368295462209486,0.00052440318717644,0.0006026461606233544,0.0005121295811580148,0.00027561729651893904
"[2.0, -1.0, -1.0, -1.0, -1.0, 2.0, -1.0, 2.0, -1.0]",3,lin_accel_z,0.00032152225599600556,0.00038779088763803116,0.0014975548364189633,0.0003160207858038381,3.1384856806590815e-05,0.0005108547245326857,0.0005684233062005145
"[-1.0, -1.0, -1.0, -1.0, -1.0, 2.0, 2.0, 2.0, -1.0]",2,game_rot_vec_z,0.0002232396255294592,0.001039210353664468,0.0004400952543308351,0.0006768666387786481,0.00017473784267526868,0.0005108299429957358,0.00035616833432509926
"[-1.0, -1.0, -1.0, 2.0, 2.0, -1.0, 2.0, -1.0, -1.0]",3,magn_field_z,0.0,0.0005574000470570183,0.0002106450644664627,0.0006427374174137892,0.0011278482912815567,0.0005077261640437653,0.0004333849395343412
"[-1.0, -1.0, -1.0, 2.0, -1.0, -1.0, -1.0, 2.0, 2.0]",1,accelerometer_y,0.00034942638064372245,3.147540983606557e-05,0.0015655132628133788,8.297448150552586e-05,0.0004917455864671615,0.0005042270242531708,0.0006227750997378018
"[-1.0, -1.0, 2.0, -1.0, -1.0, -1.0, 2.0, -1.0, 2.0]",1,game_rot_vec_z,0.00048796911159710606,0.0003365474077964261,0.000406598089924038,9.215736833746862e-05,0.00119575477999348,0.0005038053515297037,0.00041410244250775094
"[-1.0, -1.0, -1.0, 2.0, -1.0, -1.0, 2.0, 2.0, -1.0]",2,gravity_z,0.0005502376981822757,0.0007858506629650069,0.000475729137513847,0.0006167946173787462,8.884112881818579e-05,0.0005034906489716123,0.00025858034508201966
"[-1.0, 2.0, -1.0, -1.0, -1.0, 2.0, 2.0, -1.0, -1.0]",3,accelerometer_y,0.00026333483345084035,0.0005788616280101309,0.0005815920387102219,0.00031162600463761274,0.0007810200426867637,0.0005032869094991139,0.00021406180524630175
"[-1.0, 2.0, -1.0, 2.0, -1.0, -1.0, -1.0, -1.0, 2.0]",2,gyros_z,0.001028595137797017,0.0004563662856023001,0.000206321009444089,0.0006803298819656057,0.00014112196632418123,0.0005025468562266386,0.00036360828759472805
"[-1.0, -1.0, 2.0, 2.0, -1.0, -1.0, -1.0, -1.0, 2.0]",3,gravity_z,0.0007467663669392773,0.0001627599069250095,0.00010217654732798406,0.0006032018013073643,0.000897121411372153,0.0005024052067743575,0.0003539827403245391
"[-1.0, 2.0, -1.0, -1.0, -1.0, -1.0, 2.0, -1.0, 2.0]",3,lin_accel_z,0.00022870964089626199,0.00024758455538119255,0.0009732375690896869,0.0001751059136102861,0.000883643029195528,0.0005016561416345911,0.0003917876464420554
"[-1.0, -1.0, 2.0, 2.0, -1.0, -1.0, -1.0, 2.0, -1.0]",1,gravity_y,0.00026462261900101023,0.00030210228547499656,0.0006971431214788218,0.0005062194457834673,0.0007377864644323209,0.0005015747872341234,0.00021794501121010428
"[2.0, -1.0, -1.0, 2.0, -1.0, 2.0, -1.0, -1.0, -1.0]",1,accelerometer_z,0.0003332367494518688,0.00012310299564462576,0.0011291551053954998,0.0,0.0009180065190996784,0.0005007002739183346,0.0004976003613248996
"[-1.0, 2.0, 2.0, -1.0, -1.0, -1.0, 2.0, -1.0, -1.0]",2,accelerometer_y,0.00015056030329491807,0.00043266853257765975,0.0004208365983729642,0.00013722001028971558,0.0013522584933019048,0.0004987087875674325,0.0004977082469900026
"[-1.0, 2.0, -1.0, -1.0, -1.0, 2.0, -1.0, 2.0, -1.0]",4,accelerometer_z,0.00041869824668338987,0.0005792152991500127,0.0002513824710119851,0.0008555921407811021,0.00038073914360642585,0.0004971254602465832,0.00023201472043328058
"[-1.0, -1.0, 2.0, 2.0, 2.0, -1.0, -1.0, -1.0, -1.0]",1,game_rot_vec_y,0.00038738589161172636,0.0003209498204353026,6.0780101752402454e-05,0.00013097600275863876,0.0015804971985999671,0.0004961178030316075,0.0006207319414777058
"[-1.0, -1.0, -1.0, -1.0, 2.0, -1.0, 2.0, -1.0, 2.0]",1,accelerometer_x,0.0007936669382301422,0.0006228254360146893,0.00019964334369160683,0.0007805725220544638,8.171395954511945e-05,0.0004956844399072043,0.00033359088372109135
"[-1.0, -1.0, 2.0, 2.0, -1.0, -1.0, -1.0, 2.0, -1.0]",2,gravity_y,0.00016501370047738247,0.0004712470386153155,0.0007554641078806122,0.0005982384782817938,0.00047471326166527564,0.000492935317384076,0.00021699374018614896
"[-1.0, -1.0, 2.0, -1.0, -1.0, 2.0, -1.0, 2.0, -1.0]",1,magn_field_z,0.0007535450406497169,0.00026107438629937636,0.0003370734989737483,0.0003939915559252509,0.0007141615668051876,0.000491969209730656,0.00022621675457776911
"[-1.0, -1.0, -1.0, -1.0, 2.0, 2.0, -1.0, 2.0, -1.0]",2,lin_accel_x,4.697286012526097e-05,4.247975574140448e-05,0.001292526362217973,0.0010174538643823983,5.22807476146909e-05,0.0004903427180163457,0.0006144918863223833
"[-1.0, -1.0, -1.0, -1.0, 2.0, -1.0, -1.0, 2.0, 2.0]",1,accelerometer_y,0.00010035608489603806,0.00033261196801074965,0.0004893508766128628,0.0006423531641026737,0.0008840428489746652,0.0004897429885193979,0.0002979407314038422
"[-1.0, 2.0, -1.0, -1.0, -1.0, 2.0, -1.0, -1.0, 2.0]",1,lin_accel_x,0.00026157868696973473,0.00021715596136892578,0.00046033961737985084,0.0007909785232794521,0.0007181986307686593,0.0004896502839533245,0.00025988554163985505
"[-1.0, -1.0, -1.0, 2.0, 2.0, 2.0, -1.0, -1.0, -1.0]",3,lin_accel_y,0.0009301327950240095,0.00044015058700467246,0.0008426202922654523,6.024519795567966e-05,0.00016765197865404384,0.00048816017018077156,0.0003902317976619748
"[2.0, -1.0, -1.0, 2.0, -1.0, -1.0, -1.0, -1.0, 2.0]",2,magn_field_z,0.0009359878220050128,0.0002117415979675564,0.0009507272977507906,0.00011033515169873636,0.00023035173215081838,0.00048782872031458293,0.00041837231215942995
"[-1.0, 2.0, -1.0, -1.0, -1.0, -1.0, 2.0, -1.0, 2.0]",1,gravity_z,0.00021203213703495523,0.0006082740541478673,6.276560967636483e-05,0.0013016154419335146,0.00022586336171194314,0.00048211012090092903,0.0005004899218044243
"[-1.0, 2.0, -1.0, 2.0, -1.0, -1.0, -1.0, 2.0, -1.0]",1,accelerometer_y,0.0005477865701943064,0.00016353797825506994,0.00040168997822813076,0.0008168396709277942,0.0004802513657299616,0.0004820211126670526,0.00023681020482071562
"[2.0, 2.0, 2.0, -1.0, -1.0, -1.0, -1.0, -1.0, -1.0]",4,accelerometer_x,0.0004872984756319011,0.0,0.0013823712730251989,5.4823130139668464e-05,0.0004826594815483483,0.00048143047206902333,0.000553511380728143
"[2.0, 2.0, -1.0, -1.0, -1.0, -1.0, 2.0, -1.0, -1.0]",3,lin_accel_y,0.0004005242489374553,0.0005942335775136161,0.00023078348850871192,0.0003822374729339778,0.0007811055038692211,0.00047777685835259637,0.00021311493331249243
"[-1.0, -1.0, -1.0, -1.0, -1.0, 2.0, 2.0, 2.0, -1.0]",1,accelerometer_z,8.841373329291266e-05,0.0003364098137480363,0.0011312405239587218,0.0003604407274393498,0.00046307622934513694,0.0004759162055568315,0.00039133413238901047
"[2.0, 2.0, -1.0, -1.0, 2.0, -1.0, -1.0, -1.0, -1.0]",1,accelerometer_z,0.0019433504112449014,0.00013937340750682048,0.00011787944032670892,0.00014732965009208108,3.1294823314643365e-05,0.00047584554649703103,0.0008216556153910813
"[-1.0, -1.0, -1.0, 2.0, 2.0, -1.0, 2.0, -1.0, -1.0]",1,magn_field_z,0.0006294785760033301,0.00043890486525794824,0.0004123767227214948,0.00011502035209614036,0.0007834146011837004,0.0004758390234525228,0.0002518876522279737
"[2.0, -1.0, 2.0, -1.0, -1.0, -1.0, -1.0, -1.0, 2.0]",2,game_rot_vec_x,0.0008760908956408947,0.0010122043913279176,0.00023772711105304035,3.1327502936953396e-05,0.00022120918645007382,0.00047571181748177593,0.0004378965108130874
"[-1.0, 2.0, 2.0, -1.0, -1.0, 2.0, -1.0, -1.0, -1.0]",1,gyros_x,4.712658724964e-05,0.0006767905730569232,0.0004935028405310797,0.0008699922122498855,0.00028983873455874505,0.0004754501895292547,0.00032188506350318746
"[-1.0, 2.0, 2.0, 2.0, -1.0, -1.0, -1.0, -1.0, -1.0]",2,lin_accel_y,0.00036967337412700514,0.00030174456990019524,0.0010704844886046943,0.0004865940075205696,0.00014826209731299045,0.0004753517074930909,0.0003544729813108263
"[2.0, 2.0, -1.0, 2.0, -1.0, -1.0, -1.0, -1.0, -1.0]",1,game_rot_vec_y,0.0005853763371971401,0.0006783437092218159,0.0009731128446400603,4.713892889878225e-05,9.166199858590812e-05,0.0004751267637087413,0.000397385532271684
"[-1.0, 2.0, -1.0, -1.0, -1.0, -1.0, -1.0, 2.0, 2.0]",3,game_rot_vec_x,0.00014961751208291126,0.0006930315519549,0.0005689961938281441,8.888581334980457e-05,0.000873467320843839,0.00047479967841191977,0.00034282173786622335
"[2.0, -1.0, 2.0, -1.0, -1.0, -1.0, -1.0, -1.0, 2.0]",2,accelerometer_x,0.0008906391712349145,0.0006778149205391728,0.0006671675461791809,0.00013610130910977114,0.0,0.00047434458941260794,0.0003844780076072641
"[-1.0, 2.0, -1.0, 2.0, -1.0, -1.0, -1.0, -1.0, 2.0]",1,gyros_z,0.000858354725069129,0.0002648611750365606,0.0008639074740080172,0.0,0.00038455478216513724,0.0004743356312557688,0.0003795297500951649
"[-1.0, 2.0, 2.0, 2.0, -1.0, -1.0, -1.0, -1.0, -1.0]",2,gravity_y,0.0007667067277165279,0.0005061760257795646,0.0005714504198655287,0.0004299187382339837,9.500731329272813e-05,0.0004738518449776665,0.00024585951978944187
"[-1.0, -1.0, -1.0, 2.0, -1.0, 2.0, -1.0, 2.0, -1.0]",2,lin_accel_x,0.0006155754640174935,0.00011481311305438938,0.0005335273698020428,0.00024209674797280332,0.0008591405806241578,0.0004730306550941773,0.00029778768716888184
"[-1.0, -1.0, 2.0, -1.0, 2.0, -1.0, -1.0, 2.0, -1.0]",1,game_rot_vec_z,0.0007360464415365319,0.0004664270006939206,0.00036534897330963594,4.190675746464117e-05,0.0007545163240188779,0.00047284909940472145,0.0002940740080601321
"[-1.0, -1.0, 2.0, 2.0, -1.0, -1.0, -1.0, 2.0, -1.0]",1,magn_field_y,0.00034805024128089135,0.0007400417991716023,0.0006258517609356059,0.0002277152329075272,0.00042199267186607725,0.00047273034123234076,0.00020799845338463508
"[2.0, -1.0, 2.0, -1.0, -1.0, -1.0, -1.0, 2.0, -1.0]",4,lin_accel_z,0.0008249002648222682,0.0008692837069338948,0.00035050909036693517,0.0002070457350370148,0.00010737361792437981,0.0004718224830168985,0.00035365448721049364
"[2.0, 2.0, -1.0, -1.0, -1.0, -1.0, 2.0, -1.0, -1.0]",1,magn_field_y,0.0002904939863308598,0.001144390781522364,0.0006156948079823661,0.00025748135144289957,5.0153464376673405e-05,0.00047164287833103256,0.000427104819228296
"[-1.0, -1.0, -1.0, 2.0, 2.0, -1.0, 2.0, -1.0, -1.0]",3,lin_accel_z,0.0009311186431447096,0.0010717872250134665,0.00023820318515799848,0.00011682346638127076,0.0,0.00047158650393948906,0.0004934898959302802
"[-1.0, 2.0, -1.0, 2.0, -1.0, -1.0, 2.0, -1.0, -1.0]",3,game_rot_vec_x,9.43068878561452e-05,0.0017833342334900178,0.00024258407739290343,6.276988133484208e-05,0.00017411564600403542,0.0004714221452155888,0.0007367299256218254
"[-1.0, -1.0, -1.0, 2.0, -1.0, -1.0, -1.0, 2.0, 2.0]",2,accelerometer_y,0.00018132397923286463,0.0005851269249326223,0.00031712799512200184,0.0008153071439885525,0.00045720570364317516,0.0004712183493838433,0.00024461766060451334
"[2.0, 2.0, -1.0, -1.0, 2.0, -1.0, -1.0, -1.0, -1.0]",2,gyros_z,0.0,0.0008489861918377213,0.00065261813253324,0.0003646623375605534,0.00048142375012439026,0.0004695380824111809,0.0003198067284663517
"[-1.0, 2.0, -1.0, -1.0, 2.0, -1.0, -1.0, -1.0, 2.0]",3,accelerometer_x,0.0005522121649469743,0.0006736774213952352,0.0,0.0,0.001113544731604561,0.0004678868635893541,0.0004754394879740263
"[2.0, -1.0, -1.0, -1.0, -1.0, 2.0, 2.0, -1.0, -1.0]",2,magn_field_y,0.0008121178863724693,0.000207375259920185,0.000614228863066954,0.0005228923150286525,0.00018098181239683872,0.00046751922735701994,0.00027070126791793847
"[2.0, -1.0, 2.0, -1.0, -1.0, 2.0, -1.0, -1.0, -1.0]",2,magn_field_x,0.0005710789557722938,6.031605613414295e-05,6.012708679709386e-05,6.079027355623099e-05,0.0015847426783525912,0.0004674110101224705,0.0006625941478297443
"[2.0, -1.0, -1.0, 2.0, -1.0, -1.0, -1.0, 2.0, -1.0]",1,gravity_y,0.00012006491526535052,3.157271591133329e-05,0.0012228108621870968,0.0003957640329497194,0.0005629437671661216,0.0004666312586959244,0.00047315167276401507
"[-1.0, -1.0, -1.0, 2.0, 2.0, -1.0, -1.0, -1.0, 2.0]",1,gyros_y,0.000167757669560028,0.0004742485402052574,0.00032953435897607774,0.00029807338454501865,0.0010421089209431435,0.00046234457484590504,0.00034193326233528587
"[2.0, 2.0, -1.0, -1.0, 2.0, -1.0, -1.0, -1.0, -1.0]",4,accelerometer_z,0.0,0.0008648862251613975,0.0009367505028631572,0.0003650233270510552,0.00014463482963059484,0.00046225897694124096,0.0004216853511530216
"[-1.0, 2.0, 2.0, 2.0, -1.0, -1.0, -1.0, -1.0, -1.0]",1,magn_field_y,0.000458969883376927,9.405211263166212e-05,0.0005041499498485484,0.0004199038424704131,0.0008300189170741748,0.00046141894108034506,0.00026190636177538304
"[2.0, -1.0, -1.0, 2.0, -1.0, 2.0, -1.0, -1.0, -1.0]",1,gyros_z,0.0,0.00015130252367533288,0.0011743765981139353,0.0004840292785005366,0.0004812350449702926,0.00045818868905201943,0.00045228309302511316
"[-1.0, -1.0, 2.0, -1.0, -1.0, -1.0, 2.0, -1.0, 2.0]",1,accelerometer_z,0.0006340446109720145,0.0009334713453024011,0.00014306013100289403,0.00047852186530916285,9.28811487931562e-05,0.0004563958202759257,0.0003499899576556856
"[-1.0, -1.0, -1.0, 2.0, -1.0, 2.0, -1.0, 2.0, -1.0]",3,magn_field_x,0.0005431062559464533,0.0009424901929621195,0.0003685348813358424,0.0,0.00042690398747932944,0.0004562070635447489,0.0003393717424242587
"[-1.0, 2.0, 2.0, -1.0, 2.0, -1.0, -1.0, -1.0, -1.0]",2,magn_field_z,0.0,4.169109504266823e-05,4.1797283176593516e-05,0.0006646800315771283,0.0015183819934918217,0.00045331008065764236,0.0006563761186802847
"[-1.0, 2.0, -1.0, 2.0, -1.0, -1.0, -1.0, 2.0, -1.0]",4,game_rot_vec_y,0.00021838552298946112,0.0005345170310058621,0.0008768240205060245,0.00044656331233915934,0.00018936156223288842,0.00045313028981467914,0.0002787751564720114
"[-1.0, 2.0, -1.0, 2.0, 2.0, -1.0, -1.0, -1.0, -1.0]",2,magn_field_y,0.000687194543203403,0.0006902281385959919,0.0005712940860716361,0.00024999721326057257,6.140648570469101e-05,0.0004520240933672589,0.0002826962214554866
"[2.0, 2.0, -1.0, -1.0, -1.0, -1.0, 2.0, -1.0, -1.0]",1,lin_accel_y,0.00031788998508204666,0.00015529663934572642,0.00021186480208226438,0.00030694935276833884,0.0012664503293860656,0.0004516902217328884,0.00046044865161338686
"[-1.0, -1.0, 2.0, -1.0, 2.0, -1.0, 2.0, -1.0, -1.0]",1,gyros_y,0.0009336357418256821,0.0008416427666364105,0.00024316810504567603,0.00010723344929585232,0.00012005825781331468,0.0004491476641233871,0.0004050968554978141
"[-1.0, -1.0, -1.0, -1.0, -1.0, 2.0, 2.0, -1.0, 2.0]",4,lin_accel_x,0.000990317085934292,0.00018300052350395612,0.0004349064221142331,0.00035404770827835325,0.00028082205500587774,0.00044861875896734244,0.0003167323673546007
"[-1.0, 2.0, -1.0, -1.0, -1.0, -1.0, 2.0, 2.0, -1.0]",2,lin_accel_y,0.0007647044132459648,0.00024099120832988784,0.0005770443411804318,0.0003886982307469478,0.0002686985244601004,0.0004480273435926665,0.00022106135031810153
"[2.0, -1.0, -1.0, -1.0, 2.0, -1.0, -1.0, 2.0, -1.0]",4,gyros_z,0.0003345734162901419,0.0007294361004187727,9.099557081731477e-05,0.0004162264206703316,0.0006657608586613328,0.0004473984733715788,0.0002588201951664447
"[-1.0, -1.0, -1.0, 2.0, 2.0, -1.0, -1.0, -1.0, 2.0]",1,game_rot_vec_y,0.0003708592068488811,0.0002665619624516607,0.0010358914599933584,0.00039685289467749415,0.0001648082111110215,0.00044699474701648316,0.00034179503916079065
"[-1.0, -1.0, 2.0, -1.0, 2.0, -1.0, -1.0, -1.0, 2.0]",4,gravity_x,0.0005084620067935724,0.00031245764475051663,0.0003704590147715798,0.0009263935260736228,0.00011706149185165867,0.00044696673684819,0.00030266124319244136
"[2.0, 2.0, -1.0, -1.0, -1.0, -1.0, -1.0, -1.0, 2.0]",1,gyros_x,0.00023740359648902356,0.0002579406378659557,0.0004181309946620078,0.0002797499273219536,0.001037658519161597,0.0004461767351001076,0.000338139837377962
"[2.0, -1.0, 2.0, -1.0, -1.0, -1.0, 2.0, -1.0, -1.0]",1,gravity_y,0.0003470515603898926,0.00043251367043584566,0.0008733971252734371,0.00011144005699777498,0.00046089394962965,0.00044505927254532006,0.00027603837497478895
"[-1.0, -1.0, 2.0, -1.0, 2.0, -1.0, 2.0, -1.0, -1.0]",4,accelerometer_y,0.0008718819451554379,0.0007234295999054667,0.0003553277886670662,0.00013428447927213487,0.00012839259602696244,0.0004426632818054136,0.0003407893133963699
"[-1.0, 2.0, -1.0, -1.0, 2.0, 2.0, -1.0, -1.0, -1.0]",3,lin_accel_x,0.001156774502094996,0.0004217103095240694,0.00014149484634451667,0.00011724845174346001,0.0003756134422135283,0.00044256831038411404,0.0004217483657421084
"[-1.0, 2.0, -1.0, -1.0, 2.0, -1.0, 2.0, -1.0, -1.0]",2,lin_accel_y,0.0002782265392565272,0.0005226953946648533,0.00038372923322046407,0.0008230358139348805,0.00020127063613642872,0.0004417915234426308,0.0002448814387820599
"[-1.0, -1.0, 2.0, 2.0, -1.0, -1.0, -1.0, -1.0, 2.0]",4,magn_field_z,0.0008151985232358648,0.00021225394306532812,0.0008258810246773318,0.00016960921056421622,0.00018338784752826713,0.0004412661098142016,0.0003465902927561829
"[2.0, -1.0, -1.0, -1.0, -1.0, 2.0, -1.0, 2.0, -1.0]",4,lin_accel_z,0.0005226605479250312,0.0002781312640112249,0.0,0.000385009679604654,0.0010092531192206378,0.00043901092215230963,0.0003720559136670638
"[-1.0, -1.0, 2.0, 2.0, -1.0, 2.0, -1.0, -1.0, -1.0]",1,accelerometer_z,0.000556280673698363,0.000246980456737352,0.0005747372253203328,0.00033205119059321117,0.00048175467341589416,0.0004383608439530306,0.00014345279980342677
"[-1.0, -1.0, -1.0, -1.0, -1.0, -1.0, 2.0, 2.0, 2.0]",2,gravity_z,0.0004352999201858878,0.0007823234422798012,0.0003304864489106073,0.0003980551541852522,0.000245006938087794,0.00043823438072986855,0.00020552781136870838
"[2.0, -1.0, -1.0, -1.0, -1.0, -1.0, 2.0, -1.0, 2.0]",1,game_rot_vec_z,0.00018396617422413163,0.0005882147159388396,0.0,0.00015538103992115732,0.0012548781510105414,0.000436488016218934,0.0005064813928572763
"[-1.0, -1.0, -1.0, 2.0, -1.0, 2.0, 2.0, -1.0, -1.0]",3,game_rot_vec_z,0.000600817048895408,0.0004649726332199637,0.0007835740823592538,0.0001772415167973019,0.0001465698446478559,0.0004346350251839567,0.0002736458785937824
"[-1.0, -1.0, 2.0, -1.0, -1.0, -1.0, 2.0, -1.0, 2.0]",3,gyros_z,0.0009875528687696585,0.0003176376470093112,0.000537228327011021,0.00011744778867835376,0.0002099740042482861,0.0004339681271433261,0.00034677442502292424
"[2.0, -1.0, -1.0, -1.0, 2.0, -1.0, -1.0, 2.0, -1.0]",3,game_rot_vec_z,0.00039331891130452265,0.0005112813857691262,0.00094078783394755,0.0001622207779194885,0.00016042383163885888,0.0004336065481159093,0.00032139086935887787
"[-1.0, 2.0, -1.0, -1.0, -1.0, -1.0, 2.0, 2.0, -1.0]",3,magn_field_y,0.0008887031667782948,0.0007877074857657545,0.0,0.00025657766761934926,0.00023356292717208145,0.00043331024946709597,0.00038466585524880143
"[2.0, -1.0, -1.0, 2.0, -1.0, -1.0, -1.0, 2.0, -1.0]",1,magn_field_y,0.00016856634339471865,0.00023621758652914632,0.000564344203912041,0.00028771238791981246,0.0009052619429373634,0.00043242049293861634,0.0003041537155482024
"[-1.0, -1.0, -1.0, -1.0, -1.0, 2.0, 2.0, -1.0, 2.0]",1,lin_accel_x,0.00041595564475019233,0.0001995198404250199,0.0006407310601725839,0.0007123066087388183,0.00019289606081732168,0.00043228184298078724,0.00024166877791212648
"[-1.0, 2.0, 2.0, -1.0, -1.0, -1.0, -1.0, -1.0, 2.0]",3,gravity_x,0.0002509113137319537,0.0008620980309453968,7.507820646506777e-05,0.0009098547246722383,6.0784087594211906e-05,0.00043174527268177373,0.00042169795538465573
"[-1.0, -1.0, 2.0, -1.0, 2.0, 2.0, -1.0, -1.0, -1.0]",1,accelerometer_x,0.0003162443762951927,0.0004460250596777683,0.0008539973472972124,0.0002758284833729434,0.00024623837058006124,0.0004276667274446356,0.00025024031807409066
"[-1.0, 2.0, -1.0, -1.0, 2.0, 2.0, -1.0, -1.0, -1.0]",1,lin_accel_x,0.0004666786877543641,0.0005513300863011711,0.00020583794329312498,0.0005445558131084077,0.00036047148562571077,0.0004257748032165558,0.00014507147448156207
"[2.0, -1.0, -1.0, -1.0, -1.0, -1.0, -1.0, 2.0, 2.0]",1,magn_field_x,7.356876068992773e-05,0.00011644760309383081,0.0002930318105358791,0.00014846918426853338,0.0014941302283119962,0.00042512951738003346,0.0006032480323001075
"[-1.0, -1.0, -1.0, -1.0, 2.0, 2.0, -1.0, -1.0, 2.0]",2,lin_accel_y,0.00048753115613226676,0.0005833369363554636,3.1510536335587204e-05,0.0003745489746115905,0.0006478408812680551,0.0004249536969405927,0.00024290844083922758
"[-1.0, -1.0, -1.0, 2.0, 2.0, -1.0, -1.0, -1.0, 2.0]",3,gyros_y,0.0008473609478171048,0.0003918162681253478,0.0003198042994551399,0.00025220235524172046,0.00030447973043361027,0.0004231327202145846,0.0002423441733653785
"[2.0, -1.0, -1.0, -1.0, 2.0, -1.0, -1.0, 2.0, -1.0]",3,accelerometer_z,0.0001948169669986377,0.0008792961280549655,0.00028539066169000883,0.0007560778165185397,0.0,0.0004231163146524304,0.0003771868725277412
"[2.0, 2.0, -1.0, -1.0, -1.0, -1.0, -1.0, -1.0, 2.0]",2,game_rot_vec_x,0.0003766143949266838,0.0011046210341000228,0.00015329059544096397,0.00013496341089347532,0.00034302971216218503,0.0004225038295046662,0.00039650381904477713
"[-1.0, -1.0, -1.0, 2.0, -1.0, -1.0, 2.0, 2.0, -1.0]",1,lin_accel_z,0.0006387747236831763,0.0003735723250444565,0.0009238325388378351,0.00011495719951394321,6.0039776351833114e-05,0.0004222353126862488,0.00036278872141350896
"[-1.0, 2.0, 2.0, -1.0, -1.0, -1.0, -1.0, -1.0, 2.0]",1,lin_accel_x,0.00024570830095105756,0.00010729653707877726,0.00025318195152384675,0.0013314280556142137,0.00016691660689835045,0.00042090629041324914,0.0005125274409704002
"[-1.0, 2.0, 2.0, 2.0, -1.0, -1.0, -1.0, -1.0, -1.0]",1,lin_accel_y,0.0001896218480861484,0.000649319126040508,0.0002753978947210044,6.0792260426199496e-05,0.0009255826941566732,0.00042014276468610673,0.00035749653221744796
"[-1.0, -1.0, 2.0, 2.0, -1.0, -1.0, 2.0, -1.0, -1.0]",2,gravity_x,0.00014282553516043974,0.0006038151812932644,0.0005947998628971075,0.00032174017181780455,0.0004354528814970026,0.00041972672653312374,0.00019433354631331434
"[2.0, -1.0, -1.0, -1.0, 2.0, -1.0, -1.0, 2.0, -1.0]",2,accelerometer_z,0.0009084024682939765,0.0007303165053622812,0.00015426846590465697,6.050425056904536e-05,0.00024352850827821134,0.00041940403968163424,0.0003761064204964147
"[-1.0, 2.0, -1.0, 2.0, -1.0, -1.0, -1.0, -1.0, 2.0]",3,gyros_z,0.000741645187859356,0.00025072900551793945,0.00029690422441785,0.00016742331236820702,0.0006291293810794977,0.00041716622224857004,0.0002523642189852876
"[-1.0, -1.0, 2.0, 2.0, -1.0, -1.0, -1.0, -1.0, 2.0]",4,lin_accel_z,8.73042465354506e-05,0.00038859772095710637,0.0008540518999149388,0.0004270612127093928,0.0003250511568875895,0.00041641324740089564,0.0002779723182641019
"[2.0, -1.0, -1.0, -1.0, 2.0, -1.0, -1.0, 2.0, -1.0]",3,gyros_z,0.0002878845294712422,0.0009055747399190062,0.0005385990167623852,0.0003026872267496185,4.7185267710859174e-05,0.00041638615612262224,0.00032403351077439467
"[-1.0, -1.0, -1.0, 2.0, -1.0, 2.0, -1.0, -1.0, 2.0]",2,magn_field_y,0.00030685718196721176,0.0004996429544958051,0.0007916517123294292,0.0003857753564927398,8.806314772056058e-05,0.00041439807060114923,0.000259068419925148
"[-1.0, 2.0, -1.0, -1.0, -1.0, -1.0, 2.0, 2.0, -1.0]",1,gravity_y,0.0004182307549996121,0.0003115848331998498,0.0002731255461680683,0.00021406628331291816,0.0008504588642214413,0.0004134932563803779,0.0002553531499224726
"[-1.0, 2.0, 2.0, -1.0, -1.0, -1.0, -1.0, 2.0, -1.0]",2,game_rot_vec_z,0.0005646950783951554,4.695141832409522e-05,0.0006050208034184136,0.0003832374847545281,0.0004609055077411841,0.0004121620585266753,0.00022195280137780472
"[-1.0, -1.0, -1.0, 2.0, 2.0, -1.0, -1.0, -1.0, 2.0]",2,game_rot_vec_y,0.0009283779017518455,0.00021499366928033034,7.509778357235986e-05,0.00038038562848368503,0.00045902449101822927,0.00041157589482128994,0.00032487328572499037
"[2.0, 2.0, -1.0, -1.0, 2.0, -1.0, -1.0, -1.0, -1.0]",2,game_rot_vec_z,0.0010536973554700593,0.00023606206055668463,0.0005682174642387861,0.00019786304709059865,0.0,0.00041116798547122577,0.00041313700029362737
"[-1.0, -1.0, 2.0, -1.0, -1.0, -1.0, -1.0, 2.0, 2.0]",3,lin_accel_x,0.00020531611519732947,0.0005898749531328838,0.00038435444316404555,0.0006570257650246488,0.00021843721321769823,0.00041100169794732117,0.0002077385369399612
"[-1.0, -1.0, 2.0, -1.0, -1.0, -1.0, -1.0, 2.0, 2.0]",2,lin_accel_x,0.0003281433593499331,0.0004546494172224489,0.0003588069912958907,0.00010250133918164638,0.0008098932084630175,0.0004107988631025873,0.0002577700612394898
"[-1.0, 2.0, 2.0, 2.0, -1.0, -1.0, -1.0, -1.0, -1.0]",3,lin_accel_y,3.154988826081241e-05,0.0005509444164680013,0.0007910838542356646,0.0006138264523623178,6.0269156574246354e-05,0.0004095347535802084,0.00034357332653407475
"[-1.0, 2.0, 2.0, -1.0, -1.0, 2.0, -1.0, -1.0, -1.0]",1,game_rot_vec_x,0.0005292307701292926,9.187208730917777e-05,0.00010489659143439218,0.0002253373509760252,0.0010948654403597448,0.0004092404480417265,0.00042179601587876813
"[2.0, 2.0, 2.0, -1.0, -1.0, -1.0, -1.0, -1.0, -1.0]",3,accelerometer_x,0.00017568568615500022,0.00019148188142526195,0.00018090965069293073,0.0009791060522394285,0.0005182510712085609,0.00040908686834423643,0.0003502611804175477
"[-1.0, 2.0, -1.0, 2.0, -1.0, -1.0, -1.0, 2.0, -1.0]",1,game_rot_vec_y,0.0,0.000672706144016916,0.0006760014857479818,0.000353743843292431,0.0003367715574855226,0.0004078446061085704,0.00028123621738266436
"[2.0, -1.0, -1.0, 2.0, 2.0, -1.0, -1.0, -1.0, -1.0]",1,game_rot_vec_y,0.00012107493853113703,0.00043113638515524026,0.0006763954757275025,0.0005265809954920191,0.0002780039544839675,0.00040663834987797324,0.0002155507878055456
"[-1.0, -1.0, 2.0, -1.0, -1.0, 2.0, -1.0, -1.0, 2.0]",3,gyros_x,0.000739331520279761,0.0008051917111376536,5.364826853938865e-05,0.0001492637532741754,0.00028552383223387517,0.0004065918170929708,0.00034461642570451885
"[-1.0, -1.0, 2.0, 2.0, -1.0, 2.0, -1.0, -1.0, -1.0]",3,game_rot_vec_z,8.64751958224543e-05,0.000986925919467209,0.000360025686038304,0.00043519588864819397,0.00016370119657439146,0.00040646477731011053,0.0003539931821036491
"[-1.0, 2.0, 2.0, -1.0, 2.0, -1.0, -1.0, -1.0, -1.0]",4,lin_accel_z,0.0009942868838090937,0.0,0.00025255310783921995,0.0003968878979934917,0.00038612098401636757,0.0004059697747316346,0.00036569851226359826
"[-1.0, 2.0, 2.0, -1.0, -1.0, -1.0, 2.0, -1.0, -1.0]",3,gyros_y,0.0002810801381947761,0.000368438800868368,0.0007379856185209632,0.0003897371559524153,0.00025010197340087365,0.0004054687373874793,0.00019480601251795947
"[2.0, -1.0, -1.0, -1.0, -1.0, 2.0, 2.0, -1.0, -1.0]",4,lin_accel_y,0.0007995788478102317,0.00041041270967049736,5.021248774109185e-05,9.827955232963182e-05,0.0006686811259894719,0.00040543294470818495,0.00033361661208514376
"[2.0, -1.0, -1.0, 2.0, -1.0, 2.0, -1.0, -1.0, -1.0]",1,game_rot_vec_z,5.043341213553978e-05,0.00040721331864967643,0.0014117381500758825,0.00010803612457915616,4.1707396546106226e-05,0.00040382568039727223,0.0005829678873497513
"[2.0, -1.0, -1.0, -1.0, 2.0, 2.0, -1.0, -1.0, -1.0]",1,accelerometer_x,6.180924845024171e-05,0.0006248811733054921,0.00047776875961536713,0.0007009393256871249,0.00015081250886126625,0.00040324220318389847,0.00028442873913810444
"[2.0, -1.0, -1.0, -1.0, -1.0, -1.0, 2.0, 2.0, -1.0]",4,accelerometer_y,0.00026968806860944714,0.0006555286658610001,0.0005742763725355927,0.00010377646156499581,0.00040789669730374853,0.0004022332531749569,0.00022384936788840147
"[-1.0, -1.0, -1.0, -1.0, 2.0, -1.0, 2.0, 2.0, -1.0]",1,gravity_z,0.00015386497930011512,7.350941870443491e-05,0.000846149129928244,0.0007416599013672299,0.0001904073600769315,0.0004011181578753911,0.00036293315698362165
"[-1.0, -1.0, 2.0, 2.0, 2.0, -1.0, -1.0, -1.0, -1.0]",4,game_rot_vec_y,0.0006149889328904133,0.00015816933638443934,0.0007081535150415915,9.102397283101003e-05,0.0004327352603826231,0.0004010142035060154,0.0002721183288370529
"[-1.0, 2.0, -1.0, 2.0, -1.0, -1.0, -1.0, -1.0, 2.0]",2,game_rot_vec_z,0.0002560982849943259,0.0003453596641228182,0.000938768151982246,9.133611691022966e-05,0.000365418897050479,0.00039939622301201976,0.00032032476260379666
"[-1.0, -1.0, 2.0, -1.0, -1.0, -1.0, 2.0, 2.0, -1.0]",1,accelerometer_y,0.0003230316141823745,0.00017771879340780484,0.0,0.0012473346436530724,0.00024867272940427756,0.0003993515561295059,0.0004889291630652689
"[-1.0, 2.0, -1.0, -1.0, -1.0, -1.0, 2.0, 2.0, -1.0]",4,gravity_y,0.0005348336388472969,0.0006196539509640328,0.00039650194088672644,0.00022757900125746397,0.00019853971996519853,0.00039542165038414375,0.00018483143913409467
"[-1.0, -1.0, -1.0, 2.0, -1.0, 2.0, 2.0, -1.0, -1.0]",2,game_rot_vec_z,0.00017644890101802695,0.0012971626455508033,0.0002016257185464057,0.00017724049020436845,0.00011464023677764145,0.0003934235984194492,0.0005062272242659321
"[2.0, -1.0, 2.0, -1.0, 2.0, -1.0, -1.0, -1.0, -1.0]",1,game_rot_vec_z,0.0005180286813203494,4.2022324359816165e-05,0.00014037316923154675,0.0002728348479056602,0.0009935484933043734,0.00039336150322434924,0.00038004451013654543
"[-1.0, -1.0, 2.0, 2.0, -1.0, -1.0, 2.0, -1.0, -1.0]",1,lin_accel_x,0.0,0.00023205173096121803,0.0011461285429407069,0.0003670486003121116,0.00021938438328018617,0.00039292265149884454,0.0004411269021209716
"[-1.0, -1.0, -1.0, 2.0, -1.0, 2.0, -1.0, 2.0, -1.0]",2,gravity_x,0.0004974289194748173,0.0003368160349459259,0.00030184500378620027,0.0003698964379716154,0.00045357207073358323,0.0003919116933824284,8.149861772063609e-05
"[-1.0, -1.0, -1.0, -1.0, -1.0, 2.0, 2.0, 2.0, -1.0]",2,gyros_z,0.00032092310409807356,0.0003588009277447165,0.000305576552861075,0.00037256370400963576,0.0006012332798277955,0.00039181951370825926,0.00012018661308341863
"[-1.0, 2.0, 2.0, -1.0, -1.0, -1.0, 2.0, -1.0, -1.0]",2,gyros_y,0.0,0.0002503133149602481,0.00016193478896808048,0.001545193755461857,0.0,0.0003914883718780371,0.0006538707148328829
"[2.0, -1.0, 2.0, -1.0, -1.0, -1.0, 2.0, -1.0, -1.0]",2,gravity_y,0.0002390841189297606,0.0006592730213116571,0.0003381674213093599,0.00021553145592605665,0.0004932489570234483,0.0003890609949000565,0.00018645736156294487
"[2.0, -1.0, -1.0, 2.0, 2.0, -1.0, -1.0, -1.0, -1.0]",4,game_rot_vec_y,0.0005067626469844712,0.0003733616442834786,7.851684149472178e-05,0.0008264681190316785,0.00015569206763556563,0.00038816026388598313,0.0002984626490866553
"[-1.0, -1.0, -1.0, 2.0, -1.0, -1.0, -1.0, 2.0, 2.0]",3,accelerometer_y,0.0005453472163285061,0.00038375047584194053,0.0003242186573753256,0.0005020645149423428,0.00018106696441451924,0.0003872895657805269,0.00014549375915366483
"[-1.0, 2.0, -1.0, 2.0, -1.0, 2.0, -1.0, -1.0, -1.0]",1,lin_accel_z,0.0005293760297148484,0.0007210424543274011,4.170467874364656e-05,0.000370284785020863,0.00027277998060340133,0.0003870375856820321,0.0002571039469705328
"[-1.0, -1.0, -1.0, -1.0, 2.0, -1.0, -1.0, 2.0, 2.0]",4,gyros_y,0.00041746119373109935,0.0011274715340932537,0.00018700104892458775,0.00011502217610391655,8.357820877614167e-05,0.0003861068323257998,0.00043452798784873384
"[-1.0, -1.0, 2.0, -1.0, -1.0, 2.0, -1.0, -1.0, 2.0]",2,gyros_x,0.00044374185779362556,0.00027158153610106834,0.00036782871638978213,0.0002708334901019507,0.0005725485037860833,0.00038530682083450196,0.00012729608139161214
"[2.0, -1.0, 2.0, -1.0, -1.0, -1.0, 2.0, -1.0, -1.0]",2,lin_accel_y,0.0009471355536860918,0.00016149390771049997,0.0007632000322709588,0.0,4.731861198738171e-05,0.00038382962113098646,0.0004390995016208994
"[2.0, 2.0, -1.0, -1.0, -1.0, 2.0, -1.0, -1.0, -1.0]",2,gravity_x,0.0001459342639730318,0.0002880672612516112,0.00029265815436486556,0.0004983678652716536,0.0006915149123706697,0.00038330849144636636,0.0002132280216192272
"[-1.0, -1.0, -1.0, 2.0, -1.0, 2.0, -1.0, -1.0, 2.0]",1,lin_accel_y,0.00043949213045916066,0.0005832846951183584,0.0005106437645975702,0.0002311125809224767,0.00014909768004961737,0.0003827261702294367,0.00018532266387411621
"[-1.0, 2.0, -1.0, -1.0, -1.0, -1.0, -1.0, 2.0, 2.0]",3,accelerometer_x,0.00016948179994807826,0.0004937451963440199,0.0006845732842305654,0.00027009348701254786,0.00029076828609369534,0.0003817324107257813,0.00020618408149062874
"[-1.0, 2.0, -1.0, 2.0, -1.0, -1.0, -1.0, -1.0, 2.0]",1,game_rot_vec_z,0.00041916248154486984,0.0004546068826204277,0.0003086068499738539,0.0003968067472650917,0.0003269861010328835,0.00038123381248742535,6.18105928154795e-05
"[-1.0, -1.0, 2.0, -1.0, -1.0, -1.0, 2.0, 2.0, -1.0]",2,accelerometer_y,0.0003826825255324589,0.0007106672712445202,9.392121054004697e-05,5.0114192495921684e-05,0.000660362274572931,0.0003795494948771757,0.00030765880054713145
"[-1.0, 2.0, 2.0, -1.0, -1.0, -1.0, -1.0, 2.0, -1.0]",1,accelerometer_z,5.888125613346417e-05,0.0003654319970554863,0.0004967033937928172,0.0001440474028786416,0.0008326348419754643,0.0003795397783671747,0.0003072051536570007
"[2.0, -1.0, -1.0, -1.0, -1.0, -1.0, -1.0, 2.0, 2.0]",1,lin_accel_x,4.700045694888702e-05,0.0005089427325560563,0.0006049463698230825,0.00036196560272335257,0.00035374687439325805,0.0003753204072889273,0.00021155422850737548
"[2.0, -1.0, -1.0, 2.0, 2.0, -1.0, -1.0, -1.0, -1.0]",2,accelerometer_y,0.00027112255540253234,0.0001837076387051594,0.0005221515651113053,0.0,0.0008953771086558702,0.0003744717735749734,0.0003465735182460661
"[2.0, -1.0, 2.0, -1.0, -1.0, -1.0, -1.0, -1.0, 2.0]",3,game_rot_vec_x,0.0006667500639647808,0.0004160455466175019,0.0002667486463827323,3.147540983606557e-05,0.00048770981363759026,0.00037374589608773416,0.00023938774745951367
"[-1.0, 2.0, -1.0, 2.0, -1.0, 2.0, -1.0, -1.0, -1.0]",2,magn_field_z,0.0,0.0007322569163244275,0.0003296878281174961,0.0007434697467762079,6.270001959375612e-05,0.00037362290216237746,0.00035482476211544893
"[-1.0, -1.0, -1.0, -1.0, -1.0, 2.0, -1.0, 2.0, 2.0]",3,lin_accel_y,0.0003851840287691286,0.000886450154182791,0.0,0.0005948815253541643,0.0,0.00037330314166121673,0.0003844699153401133
"[2.0, 2.0, -1.0, -1.0, 2.0, -1.0, -1.0, -1.0, -1.0]",2,accelerometer_z,0.0,0.0015202736789508451,3.1570639305445934e-05,0.0002388188524612193,7.546181055941307e-05,0.00037322499625538463,0.000647779515763568
"[-1.0, -1.0, 2.0, -1.0, -1.0, 2.0, -1.0, -1.0, 2.0]",1,game_rot_vec_x,0.0,0.0008710238105951588,0.0005742324582040351,0.00033366630199794037,8.554787071411123e-05,0.0003728940883022491,0.0003577104375390908
"[2.0, 2.0, -1.0, -1.0, -1.0, -1.0, -1.0, 2.0, -1.0]",2,lin_accel_z,0.00042530363739699383,0.0008344229690519561,6.699481720650219e-05,0.00023977150833852587,0.0002969411863719462,0.0003726868236731849,0.0002884528915065685
"[-1.0, -1.0, -1.0, -1.0, -1.0, 2.0, -1.0, 2.0, 2.0]",2,lin_accel_y,0.00010202601433726194,0.00016659851953011745,0.0004862229963682257,0.0006452467659430338,0.000449006470483305,0.00036982015333238876,0.0002284144516828627
"[-1.0, -1.0, 2.0, 2.0, -1.0, -1.0, 2.0, -1.0, -1.0]",1,gravity_x,0.0004983230931342234,0.00012307391676842787,8.889955855399919e-05,0.0005131924611743472,0.0006251863211609892,0.00036973507015839737,0.0002460084111867407
"[-1.0, -1.0, 2.0, -1.0, -1.0, 2.0, 2.0, -1.0, -1.0]",2,magn_field_y,0.00018338557993730406,0.00039477035017545766,0.00011857234116090113,0.0009303722142806197,0.00021306006064685152,0.00036803210924022674,0.0003306365753301441
"[-1.0, 2.0, -1.0, 2.0, -1.0, -1.0, 2.0, -1.0, -1.0]",2,gyros_x,0.00037370072383985874,0.00030446585988935625,0.00014566857541224243,0.00014902438869413958,0.0008540248524613345,0.0003653768800593863,0.0002905324505700017
"[-1.0, -1.0, -1.0, -1.0, 2.0, 2.0, -1.0, 2.0, -1.0]",1,gravity_x,0.00053909836365774,0.00020639372110768114,0.0003206473956758199,0.00017642069550466495,0.0005814109931081602,0.00036479423381081326,0.0001869685841031117
"[-1.0, 2.0, -1.0, -1.0, -1.0, 2.0, 2.0, -1.0, -1.0]",2,accelerometer_y,0.0004689921579178359,8.741209761017566e-05,0.000235477567947845,0.0007827090086970875,0.00024166262054697453,0.0003632506905439837,0.00027125776374395
"[2.0, 2.0, -1.0, -1.0, -1.0, -1.0, 2.0, -1.0, -1.0]",1,gravity_y,0.0003546589724588598,0.00027634203971956846,0.0002975050637471795,0.0004025450981254958,0.0004843062298133639,0.0003630714807728935,8.388645916497968e-05
"[2.0, -1.0, -1.0, -1.0, 2.0, -1.0, -1.0, -1.0, 2.0]",2,lin_accel_x,5.9675328913629304e-05,0.0005158869463312472,0.000222277374397301,0.0001830651461820481,0.0008284538207910241,0.00036187172332304994,0.0003099195773385483
"[2.0, -1.0, 2.0, 2.0, -1.0, -1.0, -1.0, -1.0, -1.0]",4,gyros_y,0.000502038610943653,0.00031311996583003893,0.00041998415163320885,0.00011218924251587737,0.0004610774982809597,0.0003616818938407476,0.00015619178227332356
"[2.0, -1.0, 2.0, 2.0, -1.0, -1.0, -1.0, -1.0, -1.0]",1,gyros_y,0.0009076340754371631,0.000111010603079276,0.00047270501908936303,0.0001926420664350918,0.0001232419005939984,0.0003614467329269784,0.000338619931511512
"[2.0, -1.0, 2.0, -1.0, -1.0, 2.0, -1.0, -1.0, -1.0]",2,lin_accel_x,0.0002470130417520149,0.0007912034000260883,0.0003840231174353467,0.00010205311280951919,0.0002751820149246109,0.00035989493738951603,0.0002612518742096648
"[-1.0, -1.0, -1.0, -1.0, 2.0, -1.0, 2.0, 2.0, -1.0]",2,gravity_z,0.001028818015862311,0.0003285342543845336,0.00024632232228599335,0.00010218786846587188,8.907342934607155e-05,0.00035898717806895624,0.00038765107336067504
"[-1.0, 2.0, -1.0, 2.0, -1.0, -1.0, -1.0, -1.0, 2.0]",4,game_rot_vec_z,0.0,0.0007879899178809766,0.00018699671935580074,0.00038860973855789636,0.00043070361522299413,0.00035885999820353356,0.0002951764409835638
"[-1.0, -1.0, 2.0, 2.0, -1.0, -1.0, -1.0, 2.0, -1.0]",3,lin_accel_y,0.000943283317505596,0.0002537533990055505,0.0004856129038808718,4.187385501177703e-05,6.261005674036392e-05,0.00035742670642883187,0.00037312808913381645
"[-1.0, 2.0, -1.0, 2.0, -1.0, 2.0, -1.0, -1.0, -1.0]",3,lin_accel_z,0.0001104585420548754,0.0006626940969023012,0.00010175876043595354,0.0009055187718158038,0.0,0.0003560860342417868,0.0004023982256757893
"[-1.0, 2.0, -1.0, -1.0, 2.0, -1.0, -1.0, 2.0, -1.0]",4,magn_field_z,3.1393067364290384e-05,0.0004388272636273165,0.00027742262643998353,0.0007521199641686,0.00026910779436422445,0.0003537741431928829,0.0002659139565589297
"[-1.0, 2.0, 2.0, -1.0, -1.0, -1.0, -1.0, -1.0, 2.0]",1,magn_field_x,0.0008133497827874641,0.0001638097750758853,0.0003172192416076331,0.00017296974016493315,0.0003009556996846432,0.0003536608478641117,0.000266510997166409
"[2.0, 2.0, -1.0, 2.0, -1.0, -1.0, -1.0, -1.0, -1.0]",2,gyros_y,0.0004598266156305534,0.000333215336154276,0.0005867261166360815,0.00033093169148643454,5.657412257726558e-05,0.0003534547764969222,0.0001967139631969008
"[-1.0, -1.0, -1.0, -1.0, -1.0, 2.0, 2.0, -1.0, 2.0]",2,lin_accel_x,0.00024308088151605035,0.0008034729562642379,0.00019230202560669357,0.00043485926730960854,9.143155694879835e-05,0.00035302933752907775,0.0002810475589865018
"[-1.0, 2.0, -1.0, -1.0, -1.0, 2.0, -1.0, 2.0, -1.0]",4,game_rot_vec_z,4.177818395456624e-05,0.0003027052934264415,0.0013552484836760073,5.8708414872798456e-05,0.0,0.0003516880751859627,0.0005733887273625736
"[-1.0, -1.0, -1.0, -1.0, 2.0, 2.0, -1.0, -1.0, 2.0]",4,gravity_y,0.0004079383876712686,0.0005682478952761871,0.00022331498263308402,8.130867207106238e-05,0.0004774698478400141,0.0003516559570983232,0.00019714713732812758
"[-1.0, -1.0, 2.0, -1.0, -1.0, 2.0, -1.0, 2.0, -1.0]",1,gravity_z,0.00040314114223988863,0.0001181605060817653,0.0003217051952212271,0.0003100469945984083,0.0006006364569859884,0.00035073805902545555,0.0001744894556067613
"[2.0, -1.0, -1.0, -1.0, -1.0, -1.0, 2.0, -1.0, 2.0]",1,gyros_z,0.0006521882895177759,0.00034885833091408694,0.00034468397963414055,0.00010254252930798384,0.00029776207532127095,0.0003492070409390516,0.00019704579572917815
"[-1.0, 2.0, 2.0, -1.0, -1.0, -1.0, 2.0, -1.0, -1.0]",4,game_rot_vec_y,0.00035216823516785506,0.00023812365681097,0.0008211480676723658,0.0002838903414325874,3.157479279042231e-05,0.00034538101877484015,0.00029161616196854873
"[-1.0, -1.0, 2.0, -1.0, -1.0, 2.0, 2.0, -1.0, -1.0]",1,lin_accel_y,0.000689011841171569,0.000552988446498635,0.0001927593467258365,4.20306035331976e-05,0.00023859593731436144,0.0003430772350487199,0.0002682696180518262
"[-1.0, -1.0, 2.0, 2.0, -1.0, -1.0, -1.0, -1.0, 2.0]",4,gravity_z,0.0,0.0,0.0005306231734294614,0.0009312441205511262,0.0002530831100046794,0.0003429900807970534,0.00039516346212206514
"[-1.0, -1.0, -1.0, -1.0, -1.0, 2.0, 2.0, 2.0, -1.0]",1,gyros_z,3.1393067364290384e-05,0.0003897581126915605,9.285470185963271e-05,0.0010828463190325959,0.00011517245875986175,0.00034240493194158823,0.0004362149887253083
"[2.0, -1.0, -1.0, -1.0, -1.0, -1.0, 2.0, -1.0, 2.0]",3,gyros_z,5.840177291096338e-05,0.0005991298722825182,0.00037865472032001156,0.0002512796597207689,0.00042265576838864066,0.0003420243587245805,0.0002016326017152307
"[-1.0, 2.0, -1.0, -1.0, 2.0, 2.0, -1.0, -1.0, -1.0]",1,gravity_x,0.0005245145477129102,0.00032209361652378864,0.000297036808491516,0.0005095702096841614,5.271481286241434e-05,0.00034118599905495815,0.00019202336739555155
"[-1.0, 2.0, -1.0, 2.0, -1.0, -1.0, -1.0, 2.0, -1.0]",3,gyros_y,0.00016690572434476466,0.0002388715531617771,0.000679334010677442,0.00039721089690499206,0.00022145296247387593,0.0003407550295125703,0.00020776176158645616
"[-1.0, -1.0, -1.0, 2.0, -1.0, 2.0, 2.0, -1.0, -1.0]",1,accelerometer_z,0.00012090247286567757,0.0006254394584090793,0.00040761148120548474,0.0003964771625318668,0.0001476276357701241,0.0003396116421564465,0.0002087143775006965
"[-1.0, 2.0, -1.0, -1.0, -1.0, -1.0, 2.0, 2.0, -1.0]",1,magn_field_y,0.0,0.00026104347280011343,0.00016435346465468168,0.00017197179446378608,0.001096389695832246,0.0003387516855501654,0.00043388849285800663
"[-1.0, -1.0, -1.0, 2.0, 2.0, -1.0, -1.0, 2.0, -1.0]",1,accelerometer_x,0.00030568689141987054,0.00016948671825197704,0.0002523495758655652,0.00042002834585302273,0.0005461480994631711,0.00033873992617072134,0.0001473332970222881
"[-1.0, -1.0, -1.0, -1.0, -1.0, -1.0, 2.0, 2.0, 2.0]",3,lin_accel_z,0.00019892422478910785,0.0009910580632595362,7.312221908887798e-05,0.00020742678362821554,0.0002230985731134796,0.00033872597277584345,0.0003695389734558056
"[2.0, 2.0, -1.0, -1.0, -1.0, -1.0, -1.0, 2.0, -1.0]",3,gravity_z,8.162145895075095e-05,0.000407521307977213,0.0003639854637821472,0.0004454629830147529,0.0003896804853211558,0.000337654339809204,0.000146165129885687
"[2.0, 2.0, -1.0, -1.0, -1.0, 2.0, -1.0, -1.0, -1.0]",3,gravity_x,0.0011715949158235736,0.000126573243558326,0.00016516487410381193,0.00022484358940240144,0.0,0.0003376353245776226,0.0004734188014032668
"[2.0, -1.0, -1.0, -1.0, -1.0, -1.0, -1.0, 2.0, 2.0]",4,lin_accel_x,0.0001071895424836601,0.0008715956397763759,0.0,0.0004318085018677092,0.0002760212187790763,0.0003373229805813643,0.00034091087055676707
"[2.0, 2.0, -1.0, 2.0, -1.0, -1.0, -1.0, -1.0, -1.0]",2,accelerometer_y,0.00026172673588218217,0.0004786608963239099,0.0003467951314242516,0.00044969338603723753,0.00014956691798778627,0.00033728861353107353,0.0001357022120657454
"[2.0, -1.0, 2.0, -1.0, 2.0, -1.0, -1.0, -1.0, -1.0]",2,gyros_z,0.00015605036949340421,8.918655559487995e-05,0.0005321485751000618,0.0001054989966991829,0.000797618379713751,0.000336100575320256,0.00031543430370190446
"[-1.0, -1.0, -1.0, 2.0, 2.0, -1.0, -1.0, 2.0, -1.0]",1,gyros_x,0.0006928450351811687,0.00022388802155940134,0.00048007865812153177,0.00014161715675917337,0.00014128953985278006,0.00033594368229481104,0.0002430858756428098
"[-1.0, 2.0, -1.0, 2.0, -1.0, -1.0, -1.0, -1.0, 2.0]",3,accelerometer_z,0.0004897987587076525,0.00046863353478772673,0.00021737680594559097,3.130707018001565e-05,0.00046003741910528276,0.0003334307177452537,0.00020218013729223904
"[2.0, -1.0, -1.0, -1.0, -1.0, 2.0, 2.0, -1.0, -1.0]",3,gravity_y,3.1360250882007055e-05,0.0001189513499413069,0.0009253214194269569,0.0005906532978235096,0.0,0.0003332572636147561,0.000407713722392432
"[2.0, -1.0, -1.0, -1.0, 2.0, -1.0, -1.0, -1.0, 2.0]",4,magn_field_x,4.184647574212109e-05,0.0006612317249422508,0.00020623657714162648,0.00031730273976916714,0.0004388745685414521,0.00033309841722732353,0.00023453740913442756
"[-1.0, -1.0, -1.0, -1.0, 2.0, 2.0, 2.0, -1.0, -1.0]",3,accelerometer_z,0.0009955280509108947,0.0003083813101066245,6.001696131515433e-05,0.0001719251670748003,0.00012115321972655254,0.0003314009418268053,0.00038238743857649417
"[2.0, -1.0, -1.0, 2.0, -1.0, -1.0, -1.0, -1.0, 2.0]",4,magn_field_z,0.0006260513368196368,7.31770705025089e-05,0.00013877502444965448,0.0004774107598086632,0.00033311828830282354,0.00032970649597665734,0.0002301687573981566
"[-1.0, -1.0, -1.0, -1.0, -1.0, -1.0, 2.0, 2.0, 2.0]",2,magn_field_z,0.0,0.00041247447552374735,0.0001341649213132168,0.00045876555113708083,0.0006422641257998781,0.0003295338147547846,0.000258912041982871
"[-1.0, -1.0, -1.0, -1.0, -1.0, 2.0, 2.0, -1.0, 2.0]",3,lin_accel_x,0.00010323868399189077,0.0006626260688111208,0.00037022920276399507,0.00036807587291149004,0.00014311804423991717,0.0003294575745436827,0.00022363606104858392
"[-1.0, 2.0, -1.0, -1.0, 2.0, -1.0, 2.0, -1.0, -1.0]",1,lin_accel_y,0.0002660563160099022,0.00022784988799901806,0.00035055662937235346,4.7237895289332106e-05,0.0007548463984765816,0.0003293094254294375,0.00026238926274141464
"[2.0, 2.0, 2.0, -1.0, -1.0, -1.0, -1.0, -1.0, -1.0]",1,gyros_x,0.0007845304005439379,0.00015354216790458686,0.00011097139149956162,0.00018046918475369945,0.0004127527932014994,0.0003284531875806571,0.00028058167670736014
"[-1.0, -1.0, -1.0, -1.0, 2.0, 2.0, 2.0, -1.0, -1.0]",4,accelerometer_z,0.00024438529857169077,0.00038984998139225116,0.0003315716006074169,0.00018244824637354425,0.0004882435838444135,0.00032729974215786335,0.00012009419445364198
"[2.0, -1.0, -1.0, -1.0, 2.0, -1.0, -1.0, -1.0, 2.0]",1,lin_accel_x,5.648535564853557e-05,0.0008217617917381714,0.0003980601228249544,0.00022410235679702333,0.00012144293166986534,0.00032437051173571,0.0003065224325816175
"[2.0, -1.0, 2.0, -1.0, -1.0, -1.0, 2.0, -1.0, -1.0]",4,lin_accel_y,0.00022648825616607653,0.000779584206253085,0.0001779725240825628,0.00017072857143911546,0.00026535530571938746,0.0003240257727320455,0.0002575465300459298
"[2.0, -1.0, -1.0, -1.0, 2.0, -1.0, -1.0, -1.0, 2.0]",3,gravity_x,0.000771378652153967,0.0003514167629255849,3.135205747877205e-05,4.176455233620464e-05,0.0004220113206604102,0.0003235846691109878,0.00030651442052176343
"[2.0, 2.0, 2.0, -1.0, -1.0, -1.0, -1.0, -1.0, -1.0]",1,accelerometer_x,0.0001170843572093402,0.00023687914037500362,0.0009385981937209778,0.0001074777764304137,0.00021399091400428028,0.0003228060763480031,0.00034896697987454926
"[-1.0, -1.0, 2.0, 2.0, -1.0, -1.0, 2.0, -1.0, -1.0]",1,magn_field_x,0.00040916044800684174,0.0007112002483428892,0.0001827864617334331,0.00017592023353395079,0.00013373936447246926,0.0003225613512179168,0.00024250462661961356
"[2.0, -1.0, -1.0, -1.0, 2.0, -1.0, -1.0, 2.0, -1.0]",1,accelerometer_z,6.0692545293618196e-05,0.0007542842661024385,0.00020526768113010674,0.00048659569129362015,0.0001052745989879119,0.0003224229565615391,0.0002927620422154332
"[2.0, 2.0, -1.0, -1.0, -1.0, 2.0, -1.0, -1.0, -1.0]",2,lin_accel_x,0.000414425516901549,0.00020525598593315304,0.0002816708133135946,0.0004938552138961426,0.00020579893670295027,0.0003202012933494779,0.0001292466723172461
"[-1.0, -1.0, 2.0, 2.0, -1.0, -1.0, -1.0, -1.0, 2.0]",1,magn_field_z,0.00026420989703433375,0.0006178180548029349,0.00024837440418534084,0.00017409934168559953,0.0002715926761532026,0.0003152188747722823,0.00017353265588765783
"[-1.0, -1.0, 2.0, -1.0, -1.0, 2.0, 2.0, -1.0, -1.0]",2,gravity_y,0.0005030129856115116,0.00026653587014977887,0.0005523720532092766,0.00012074992334035377,0.00013073787790063103,0.00031468174204231033,0.0002035486807668403
"[2.0, -1.0, 2.0, 2.0, -1.0, -1.0, -1.0, -1.0, -1.0]",3,gyros_y,6.018022724304555e-05,0.00013218537990643858,0.0010531944239596219,0.00032392838172074986,0.0,0.00031389768256597113,0.0004308665541540854
"[2.0, -1.0, 2.0, -1.0, -1.0, -1.0, -1.0, 2.0, -1.0]",3,lin_accel_z,0.00010042552524963437,0.00013746939424502392,0.0007479717169842068,0.00023020798184474202,0.00034554356387739966,0.00031232363644020136,0.0002612999282099162
"[-1.0, -1.0, -1.0, -1.0, -1.0, -1.0, 2.0, 2.0, 2.0]",1,lin_accel_z,7.312136841418034e-05,0.0001965678251529449,0.0004771376551846241,0.0006291868228790137,0.00018009635332714378,0.00031122200499158136,0.00023219660796974703
"[2.0, 2.0, -1.0, -1.0, -1.0, -1.0, -1.0, -1.0, 2.0]",3,gyros_x,3.127850905773492e-05,0.001253833703584051,5.630131630392286e-05,0.00021294973267869515,0.0,0.0003108726523248808,0.0005334757957068259
"[-1.0, -1.0, 2.0, -1.0, 2.0, -1.0, -1.0, -1.0, 2.0]",2,gravity_x,0.0006842563433958477,0.0006108424186443834,7.423097831180758e-05,0.00010712843236985338,7.324500875637659e-05,0.00030994063629565373,0.000309584715476586
"[-1.0, 2.0, -1.0, 2.0, -1.0, -1.0, -1.0, -1.0, 2.0]",4,accelerometer_z,0.0006746580046281963,0.00022983318055820858,0.0,0.0003743722342346239,0.000262929023836887,0.0003083584886515832,0.00024589030471869013
"[2.0, 2.0, -1.0, -1.0, -1.0, -1.0, 2.0, -1.0, -1.0]",2,gravity_y,0.00013315500420329283,0.00010736653742916792,0.00011301645258742476,0.000206868530700897,0.0009765574706570905,0.0003073927991155746,0.00037617747301285057
"[-1.0, -1.0, -1.0, -1.0, 2.0, 2.0, -1.0, -1.0, 2.0]",1,gravity_y,0.00015047997528168649,0.00018997969533258866,0.00011591404905711532,0.0005644660510846802,0.0005056341367902267,0.0003052947815092595,0.00021238871168158493
"[-1.0, 2.0, -1.0, -1.0, -1.0, 2.0, 2.0, -1.0, -1.0]",1,gyros_y,5.751633986928105e-05,0.00039141308812480564,0.0006161924629821101,0.00013931517882409284,0.00032028905140074127,0.0003049452242402062,0.0002197961174058485
"[-1.0, 2.0, 2.0, -1.0, -1.0, -1.0, -1.0, 2.0, -1.0]",4,game_rot_vec_z,3.1442421066422114e-05,0.0006705317594850885,0.0005909302940440128,6.104414666305092e-05,0.00016788340830266267,0.0003043664059122474,0.0003035279065115241
"[-1.0, 2.0, 2.0, -1.0, -1.0, -1.0, 2.0, -1.0, -1.0]",2,game_rot_vec_y,0.0002196659321712011,0.0002977178508462862,0.00021431842292811632,0.00046538143607866125,0.00032356927574979475,0.0003041305835548119,0.00010200652536051404
"[2.0, -1.0, 2.0, -1.0, -1.0, 2.0, -1.0, -1.0, -1.0]",1,gravity_x,0.00011694837825491093,0.0004527662797891879,0.00015592012570380165,0.00027555410125017265,0.0005112835129212317,0.00030249447958386095,0.00017522246951903424
"[-1.0, -1.0, 2.0, -1.0, -1.0, -1.0, -1.0, 2.0, 2.0]",1,lin_accel_x,5.661490072734422e-05,5.0071717303429384e-05,0.0007630675524539442,0.00044493673294375766,0.00018974116722623728,0.00030088641413094253,0.0003038468978310824
"[-1.0, -1.0, -1.0, -1.0, -1.0, 2.0, 2.0, 2.0, -1.0]",3,gyros_z,0.000231777840436716,0.00040242888753385596,8.376156159348917e-05,0.00025964400908509125,0.0005226682788316997,0.0003000561154961704,0.00016816268533568845
"[-1.0, -1.0, -1.0, -1.0, 2.0, -1.0, 2.0, -1.0, 2.0]",2,accelerometer_x,9.746334247052171e-05,0.0002251673008791497,0.0005592828852930963,0.0,0.000617417613477392,0.00029986622842403195,0.0002759540255995318
"[-1.0, -1.0, -1.0, 2.0, -1.0, -1.0, 2.0, -1.0, 2.0]",2,game_rot_vec_x,0.0007017426215505302,0.0,0.0002667198036833482,0.00025725205600394386,0.0002722229576587931,0.0002995874877793231,0.00025253851458867697
"[-1.0, -1.0, -1.0, 2.0, -1.0, -1.0, 2.0, -1.0, 2.0]",1,accelerometer_x,6.0344408856227734e-05,0.00010753519846731983,0.0008631408222782358,0.00014423733692678554,0.0003206590673653072,0.00029918336677877517,0.0003302614713127564
"[-1.0, 2.0, 2.0, -1.0, 2.0, -1.0, -1.0, -1.0, -1.0]",2,lin_accel_z,5.9958267683004734e-05,0.00028407330697243296,0.000655058402666191,0.0001937139749864056,0.0003011936777977651,0.0002987995260211599,0.00022092481775448595
"[-1.0, -1.0, -1.0, 2.0, -1.0, -1.0, 2.0, 2.0, -1.0]",1,magn_field_z,0.00030229376325674603,0.0004360422801538129,0.0002288209034729149,6.096725986699131e-05,0.0004621816508390944,0.0002980611715179119,0.00016355424984291315
"[-1.0, -1.0, -1.0, -1.0, 2.0, 2.0, -1.0, 2.0, -1.0]",2,gravity_x,0.00020560897663367392,0.00046824731931414764,0.0002772545187191735,6.261006339815069e-05,0.0004697150985733802,0.0002966871953277052,0.00017524019657091648
"[-1.0, 2.0, -1.0, 2.0, -1.0, -1.0, -1.0, 2.0, -1.0]",2,accelerometer_y,0.0003064368275319168,6.282577641909451e-05,0.0003255663351741706,0.00022428636246627986,0.0005628103253072691,0.00029638512537974617,0.00018144087740791656
"[2.0, -1.0, 2.0, -1.0, -1.0, -1.0, -1.0, -1.0, 2.0]",4,game_rot_vec_x,0.0003039367806599203,0.0002617944753445813,0.00022583011635756646,0.00046300804287844515,0.0002269531901877593,0.00029630452108565444,9.85082580808166e-05
"[-1.0, 2.0, 2.0, -1.0, -1.0, -1.0, -1.0, 2.0, -1.0]",3,game_rot_vec_z,0.00024008644229733762,0.0003963331682484508,0.0002776699249505525,0.00026879186700788063,0.00029809294216513125,0.00029619486893387055,5.973595080723116e-05
"[-1.0, -1.0, -1.0, 2.0, -1.0, -1.0, 2.0, 2.0, -1.0]",2,magn_field_z,4.177818395456622e-05,0.00026492735720143215,0.00020911158481690448,0.0006122832120570267,0.0003512394951102545,0.00029586796662803684,0.00020989891761395837
"[2.0, -1.0, -1.0, -1.0, -1.0, -1.0, 2.0, 2.0, -1.0]",2,game_rot_vec_y,0.0,0.0,0.0002719877972251466,0.0,0.0012055785451467013,0.0002955132684743696,0.0005221964503746173
"[-1.0, -1.0, -1.0, -1.0, -1.0, -1.0, 2.0, 2.0, 2.0]",4,lin_accel_z,0.0,0.0004381951093037722,0.00034111362445641094,0.00012389580852120588,0.0005650362555708437,0.0002936481595704465,0.0002301322402395116
"[-1.0, -1.0, -1.0, -1.0, 2.0, -1.0, -1.0, 2.0, 2.0]",1,gyros_y,0.00027954900724541556,0.0,0.000539673026334663,0.00032066145928134025,0.0003271730600825667,0.00029341131058879707,0.00019287924953851498
"[2.0, -1.0, -1.0, 2.0, -1.0, -1.0, 2.0, -1.0, -1.0]",1,magn_field_x,0.00036852279845872463,5.892529378256929e-05,0.0005921043828189028,4.175910217930313e-05,0.0003967377720810389,0.00029160986986410774,0.00023655440430501615
"[2.0, -1.0, -1.0, -1.0, -1.0, 2.0, -1.0, -1.0, 2.0]",1,gyros_x,0.0,0.0007814950977175607,4.697286012526097e-05,0.00018285752765833746,0.00044335104755421017,0.00029093530661107386,0.00032392950659412937
"[2.0, -1.0, -1.0, 2.0, -1.0, -1.0, -1.0, -1.0, 2.0]",1,lin_accel_z,0.00021733119428992998,0.0002469249837326736,0.00025306506889578916,0.0007373063160208167,0.0,0.0002909255125878419,0.0002704991030344623
"[-1.0, -1.0, 2.0, -1.0, -1.0, -1.0, 2.0, -1.0, 2.0]",4,gyros_z,0.00027237684943901995,0.0007198953470385657,0.0,0.0002732315412863029,0.00018620706063298716,0.00029034215967937516,0.00026470462545304633
"[-1.0, -1.0, -1.0, -1.0, 2.0, -1.0, -1.0, 2.0, 2.0]",2,accelerometer_y,6.745615350022487e-05,0.0004549306083727055,0.0004327480862515803,0.00021661269797568276,0.0002714098026972727,0.00028863146975949326,0.00016033310051316726
"[-1.0, -1.0, 2.0, 2.0, -1.0, -1.0, 2.0, -1.0, -1.0]",2,magn_field_x,0.0009567503986893842,7.511737089201876e-05,8.882161615816072e-05,0.0003209119305353806,0.0,0.00028832026325498883,0.00039250631219185086
"[-1.0, -1.0, 2.0, -1.0, -1.0, 2.0, -1.0, -1.0, 2.0]",1,gyros_x,0.00032243710756288326,0.0006176031431162265,0.0,0.0003137204865626857,0.00017999869186997186,0.0002867518858223535,0.00022643221025905836
"[-1.0, -1.0, -1.0, -1.0, 2.0, -1.0, 2.0, 2.0, -1.0]",2,magn_field_z,0.00017731393949617944,0.0005947524152861898,9.244612074370176e-05,0.0001343904033174688,0.00043423341624089664,0.0002866272590168873,0.00021769271123269894
"[2.0, -1.0, -1.0, -1.0, -1.0, 2.0, 2.0, -1.0, -1.0]",1,gravity_y,0.00032828815630809536,0.00017720166055660094,0.0002793409160301697,0.00021164508245986142,0.0004366009419218634,0.0002866153514553182,0.0001023194927811677
"[-1.0, 2.0, -1.0, 2.0, -1.0, -1.0, 2.0, -1.0, -1.0]",4,accelerometer_x,5.228074761469089e-05,4.699738903394257e-05,0.0004003907871270334,0.0007750324284881728,0.00015481138048602873,0.00028590254654997367,0.00030870508243339203
"[-1.0, -1.0, -1.0, -1.0, -1.0, 2.0, 2.0, -1.0, 2.0]",2,magn_field_x,0.0001722210087865516,0.0005812942725041782,0.00026459658823618825,0.00023811160055197252,0.00015592423872655737,0.0002824295417610896,0.00017302581733865148
"[2.0, -1.0, 2.0, 2.0, -1.0, -1.0, -1.0, -1.0, -1.0]",2,game_rot_vec_y,0.00020188338678083027,0.0005000381305354062,0.0001829018906043274,0.00022205915310644848,0.0002899257510190967,0.0002793616624092218,0.0001298081776085389
"[-1.0, 2.0, -1.0, -1.0, -1.0, -1.0, -1.0, 2.0, 2.0]",2,game_rot_vec_x,9.19535961914159e-05,0.000928192337842209,8.3545460479081e-05,0.00017105719725033066,0.00011822551528103083,0.0002785948214088135,0.00036473921795707046
"[-1.0, -1.0, 2.0, -1.0, 2.0, -1.0, -1.0, -1.0, 2.0]",1,gravity_x,8.831629899847947e-05,0.0005364698134395124,0.00017263852165213275,0.0005168409260696709,5.977677112034748e-05,0.0002748084662560286,0.00023372153738745565
"[-1.0, 2.0, 2.0, -1.0, -1.0, -1.0, -1.0, 2.0, -1.0]",2,accelerometer_z,0.00011718529925444613,0.0007261945545537775,0.0,0.0004871153136894725,4.2171850289931475e-05,0.0002745334035575255,0.00031753258528385207
"[2.0, -1.0, -1.0, -1.0, -1.0, 2.0, -1.0, -1.0, 2.0]",4,gyros_x,0.0002613043287234082,0.0005119599859689223,3.15436682657554e-05,0.0,0.0005665526331433698,0.00027427212322029117,0.0002627897832362414
"[2.0, -1.0, -1.0, 2.0, -1.0, -1.0, -1.0, -1.0, 2.0]",1,magn_field_z,0.0,0.0002338276551523111,0.00022257304419228064,0.00046348828001250544,0.00044815098763557903,0.00027360799339853524,0.0001907669753160109
"[-1.0, 2.0, -1.0, -1.0, -1.0, -1.0, 2.0, 2.0, -1.0]",1,lin_accel_y,0.00024091353333011042,0.0006478069252014225,0.00010966162628270164,0.00011186638182171291,0.0002486285349356495,0.0002717754003143194,0.00022064661216840181
"[-1.0, 2.0, -1.0, 2.0, -1.0, -1.0, -1.0, 2.0, -1.0]",4,gyros_y,0.000153133345733619,0.0004820737618343272,0.0002721893242343517,0.00025609363818390697,0.00019288589947780952,0.0002712751938928029,0.00012724948848577867
"[-1.0, -1.0, 2.0, 2.0, -1.0, -1.0, -1.0, 2.0, -1.0]",2,magn_field_y,0.0002797123599088803,0.00014560475936390612,0.0007799143781084475,0.0,0.0001510327855411574,0.0002712528565844783,0.00030109239806811215
"[-1.0, -1.0, 2.0, -1.0, -1.0, 2.0, 2.0, -1.0, -1.0]",2,lin_accel_y,0.0,0.0003259928711624824,0.0006420272816801174,3.127239559580429e-05,0.00035483219684323417,0.00027082494905632763,0.000263923979564383
"[-1.0, 2.0, -1.0, 2.0, 2.0, -1.0, -1.0, -1.0, -1.0]",1,magn_field_y,7.857199871024981e-05,0.0009065341282636965,6.0044380629160734e-05,4.2008532983262215e-05,0.0002597632384833775,0.0002693844558139493,0.0003667372165710663
"[-1.0, -1.0, -1.0, -1.0, 2.0, 2.0, -1.0, 2.0, -1.0]",1,magn_field_x,0.00021844509964754025,0.0007155473640224735,4.7340390558222106e-05,6.143925608684518e-05,0.00029800427966286734,0.0002681552779955897,0.0002715752527381538
"[-1.0, -1.0, 2.0, 2.0, -1.0, -1.0, -1.0, -1.0, 2.0]",2,magn_field_z,0.0002717855283612618,0.0007204095600353576,5.838655024110518e-05,0.0,0.0002819030288246999,0.0002664969334924849,0.0002831221188471747
"[-1.0, -1.0, -1.0, -1.0, -1.0, 2.0, -1.0, 2.0, 2.0]",4,lin_accel_y,0.00019875698015585076,0.00034366750840600374,0.000540838367176388,0.0,0.0002396112772483374,0.000264574826597316,0.0001984516331151409
"[2.0, 2.0, -1.0, -1.0, -1.0, -1.0, 2.0, -1.0, -1.0]",3,gravity_y,0.00029608542151892775,0.0,0.0002291351681777984,0.0003683552491185714,0.0004285050279576003,0.00026441617335457956,0.00016574987708341016
"[-1.0, -1.0, 2.0, 2.0, -1.0, -1.0, -1.0, 2.0, -1.0]",4,magn_field_y,0.00012551598408138158,0.00011050491691367637,0.00020310938383154628,0.0008804839154071995,0.0,0.00026392284004676076,0.00035220541539047166
"[2.0, -1.0, -1.0, 2.0, -1.0, -1.0, 2.0, -1.0, -1.0]",4,magn_field_x,0.0001894126122516594,0.0003501885269910991,0.00017312899895071418,0.0,0.0006068544641797147,0.0002639169204746375,0.00022830595071342188
"[-1.0, 2.0, -1.0, -1.0, -1.0, -1.0, 2.0, -1.0, 2.0]",1,lin_accel_z,0.00039871447531071705,0.00028694429057854644,0.00041092075815339657,0.00022299919314557954,0.0,0.0002639157434376479,0.00016706074506869906
"[-1.0, 2.0, -1.0, -1.0, 2.0, -1.0, -1.0, -1.0, 2.0]",4,gyros_x,0.0001870297584926114,0.0001253640173104896,5.250377370873532e-05,0.0008862171757016578,6.29385075941586e-05,0.00026281064656153054,0.00035264992278747265
"[2.0, -1.0, 2.0, -1.0, -1.0, -1.0, -1.0, 2.0, -1.0]",2,lin_accel_z,0.0002858730280449815,0.0006106972175990402,9.933763575552081e-05,0.0,0.00031787559407683185,0.0002627566950952749,0.0002347242716716016
"[2.0, 2.0, -1.0, -1.0, -1.0, -1.0, -1.0, 2.0, -1.0]",1,gravity_z,0.000310876863473972,0.00023094687961927197,0.0004179466379264678,0.0,0.00035389141342495633,0.0002627323588889336,0.00016183166258687404
"[-1.0, -1.0, 2.0, -1.0, -1.0, -1.0, 2.0, 2.0, -1.0]",1,gyros_y,0.0002983864584071769,6.0004312809983235e-05,0.0001545199625500369,0.00012144661581084703,0.000670507247067319,0.0002609729193290726,0.0002451052532530923
"[2.0, -1.0, -1.0, -1.0, 2.0, -1.0, -1.0, -1.0, 2.0]",3,lin_accel_x,0.00020920862325164453,0.0005281214321602823,0.00014849790371342065,0.00032304947510694093,9.214472282603734e-05,0.0002602044314116651,0.00017251956790272665
"[-1.0, -1.0, -1.0, 2.0, 2.0, -1.0, 2.0, -1.0, -1.0]",2,magn_field_z,0.0004159843130740608,0.0,0.0001191031328099027,0.0005272462944688785,0.00023852801317987392,0.00026017235070654315,0.0002142804894937302
"[2.0, 2.0, -1.0, 2.0, -1.0, -1.0, -1.0, -1.0, -1.0]",1,gyros_y,0.0,0.00015241003217107208,0.0008710157577422293,0.00026834052268006014,0.0,0.0002583532625186723,0.00036061470539332376
"[-1.0, -1.0, -1.0, -1.0, 2.0, -1.0, 2.0, -1.0, 2.0]",2,game_rot_vec_x,0.0004638360881697985,3.146096873566232e-05,0.0002630251794640206,0.0005333805105949481,0.0,0.0002583405493928859,0.0002429565424381306
"[-1.0, 2.0, -1.0, -1.0, 2.0, -1.0, -1.0, 2.0, -1.0]",2,lin_accel_z,0.00031304235589338554,0.0003385703268358337,0.00012357515099856652,0.0003573574619963522,0.000148037005531827,0.000256116460251193,0.00011128488816391772
"[-1.0, -1.0, 2.0, -1.0, -1.0, -1.0, 2.0, 2.0, -1.0]",3,gyros_y,0.00018164629878194977,8.910310688464795e-05,0.0007428921142431562,0.00016475972540045766,0.0001021309025446827,0.0002561064295709788,0.0002749760930303746
"[-1.0, 2.0, -1.0, -1.0, 2.0, -1.0, -1.0, 2.0, -1.0]",3,magn_field_z,0.00020899215349335493,0.0001003856107179444,0.00015310838117970238,0.0002855029196202352,0.0005234546171020343,0.0002542887364226543,0.0001653783641898472
"[-1.0, -1.0, 2.0, -1.0, -1.0, -1.0, 2.0, -1.0, 2.0]",1,gyros_z,0.0003611728131998594,9.20810212018622e-05,0.00031024425705809523,0.0002724082108630533,0.00023235800344234073,0.00025365286115304215,0.00010207083294397313
"[-1.0, -1.0, -1.0, 2.0, 2.0, 2.0, -1.0, -1.0, -1.0]",1,lin_accel_y,0.0,0.00029981187149385753,0.0001959721620654476,0.00016050132002262755,0.0006090579669583793,0.00025306866410806244,0.00022626631635670999
"[-1.0, -1.0, -1.0, -1.0, 2.0, 2.0, -1.0, -1.0, 2.0]",3,gravity_y,0.0002810156551827779,0.00019846614906456436,0.00044927863685352164,0.0001624637786160016,0.0001706211676886164,0.00025236907748109636,0.00011965075239796904
"[-1.0, -1.0, 2.0, 2.0, -1.0, -1.0, -1.0, -1.0, 2.0]",3,magn_field_z,3.1286664059444665e-05,0.0002565521106353137,0.00032167337874422936,0.0001053266801729972,0.0005434209386915899,0.0002516519544607149,0.00020001756088988535
"[-1.0, -1.0, -1.0, -1.0, 2.0, -1.0, 2.0, -1.0, 2.0]",1,gyros_x,0.0,8.340935748729312e-05,0.00040757885910093673,0.000764729036502221,0.0,0.00025114345061809016,0.0003326120046804813
"[-1.0, -1.0, -1.0, 2.0, -1.0, -1.0, 2.0, -1.0, 2.0]",2,accelerometer_x,3.150639973744666e-05,0.00017337666239514718,0.0004973899746116386,0.0002268636467394228,0.00032507689013371195,0.0002508427147234735,0.00017391137699527363
"[-1.0, 2.0, -1.0, -1.0, 2.0, -1.0, -1.0, -1.0, 2.0]",4,game_rot_vec_x,0.00016968318101578765,0.0001336356349677166,0.0007026932993095967,6.041732709269583e-05,0.00017052463127990508,0.0002473908147331404,0.0002584311150780834
"[-1.0, 2.0, -1.0, 2.0, -1.0, 2.0, -1.0, -1.0, -1.0]",1,magn_field_z,0.0006398524915085192,3.150226422524119e-05,0.00042898878141777943,7.325882093574585e-05,6.280472096841492e-05,0.0002472814158111401,0.0002729495250574244
"[-1.0, -1.0, -1.0, -1.0, 2.0, -1.0, 2.0, -1.0, 2.0]",4,gyros_x,3.1378701706216906e-05,0.00037376036972020286,6.106524934976824e-05,0.00033365780277895833,0.00043533374430814755,0.0002470391735726588,0.00018715744272111018
"[2.0, -1.0, -1.0, 2.0, -1.0, -1.0, -1.0, 2.0, -1.0]",4,magn_field_y,0.0001720789294148576,0.0003263922853557473,0.00015761691648975273,0.00027816338140853843,0.00029281885580793637,0.0002454140736953665,7.5768703114439e-05
"[2.0, -1.0, -1.0, -1.0, -1.0, -1.0, 2.0, 2.0, -1.0]",1,accelerometer_y,0.00022546969713235605,0.0003997072127816046,0.00022107743307947492,8.30750972506099e-05,0.0002934420818767054,0.0002445543044241502,0.00011559991330991428
"[-1.0, 2.0, -1.0, -1.0, -1.0, -1.0, 2.0, 2.0, -1.0]",4,magn_field_y,0.0005150315325224816,6.07009986293323e-05,0.00026351194028208745,0.0002476759787372732,0.0001357512854594271,0.0002445343471261203,0.00017260301324401042
"[-1.0, -1.0, -1.0, 2.0, -1.0, 2.0, -1.0, 2.0, -1.0]",1,lin_accel_x,0.00014273310099556342,0.00023964966798718746,0.00011355695317959472,0.0003044561790885919,0.0004007392078400352,0.00024022702181819452,0.00011772876743695513
"[-1.0, 2.0, -1.0, -1.0, 2.0, -1.0, -1.0, -1.0, 2.0]",4,accelerometer_x,0.0002670878518286408,0.0006022937257621826,0.00014452123266831836,0.0001831297061351936,0.0,0.0002394065032788671,0.0002246882059582739
"[-1.0, -1.0, 2.0, 2.0, 2.0, -1.0, -1.0, -1.0, -1.0]",3,game_rot_vec_y,0.00014191840476514712,0.0,0.0004228074965419007,0.00042168168229516777,0.0002054723215958299,0.0002383759810396091,0.00018359315563590332
"[2.0, -1.0, -1.0, 2.0, -1.0, -1.0, -1.0, -1.0, 2.0]",1,gravity_z,0.0001706606062129224,0.0002692625072944681,0.00016554642499038954,0.00047924494287606594,0.00010704918245909179,0.00023835273276658753,0.00014672088793480162
"[2.0, -1.0, -1.0, -1.0, -1.0, 2.0, -1.0, 2.0, -1.0]",1,magn_field_z,0.0002469829820936907,9.047242466174682e-05,0.0003229400741832742,9.802929989813827e-05,0.00042383782606066815,0.0002364525213795036,0.0001442007426179696
"[2.0, -1.0, 2.0, -1.0, -1.0, -1.0, -1.0, -1.0, 2.0]",1,gyros_x,0.0002207369067788721,0.00022066106188092335,0.00033585439289062434,0.000300203767998428,0.00010165182655039671,0.0002358215912198489,9.029194482736175e-05
"[2.0, 2.0, -1.0, -1.0, -1.0, 2.0, -1.0, -1.0, -1.0]",1,lin_accel_x,9.38722294654498e-05,0.00023011711571000896,0.0004051982535027987,0.0004158076679608999,3.134796238244514e-05,0.00023526864580432051,0.0001754091930578648
"[-1.0, 2.0, 2.0, -1.0, -1.0, -1.0, -1.0, -1.0, 2.0]",1,gravity_x,0.00027591531425436087,0.0007398327612374229,5.2219321148825085e-05,0.0,0.00010206204287146144,0.00023400588790241402,0.0003011774873191996
"[-1.0, -1.0, -1.0, 2.0, -1.0, -1.0, 2.0, 2.0, -1.0]",3,magn_field_z,0.0003498494262843508,0.00010229645093945719,0.0002961930915668559,4.183006535947712e-05,0.00036698223556001314,0.0002314302539420308,0.0001493447654125085
"[-1.0, 2.0, -1.0, -1.0, -1.0, 2.0, 2.0, -1.0, -1.0]",1,accelerometer_y,6.078462824290209e-05,0.0002350707774194525,0.0002161484376129827,0.0003976056899555435,0.0002447828865895569,0.00023087848396408754,0.00011953844880843735
"[2.0, -1.0, -1.0, -1.0, -1.0, -1.0, 2.0, 2.0, -1.0]",2,gyros_y,0.00036062932176285356,0.0002625184194422521,0.00011231842272843513,3.1522952649898204e-05,0.0003861839412969131,0.0002306346115760704,0.00015472149908865154
"[2.0, -1.0, -1.0, -1.0, -1.0, 2.0, -1.0, 2.0, -1.0]",2,gravity_z,0.00018106107961911636,0.00011798362404560989,0.00040673652448790926,4.7340390558222106e-05,0.0003894634481720141,0.00022851701337657436,0.0001619881272468543
"[2.0, -1.0, 2.0, -1.0, -1.0, -1.0, 2.0, -1.0, -1.0]",2,magn_field_y,0.00021662516420484096,0.00017767029003623174,0.00026122772812062445,0.00011573876394616937,0.0003544120276138546,0.00022513479478434426,8.98722528809681e-05
"[-1.0, 2.0, 2.0, -1.0, -1.0, -1.0, -1.0, -1.0, 2.0]",3,magn_field_x,0.0005157851775896472,0.0002009353540732108,4.6942234971965054e-05,0.0002198710458619811,0.0001309586170770037,0.00022289848591476157,0.00017726230594910088
"[-1.0, -1.0, -1.0, -1.0, 2.0, -1.0, 2.0, 2.0, -1.0]",1,lin_accel_z,0.00011068505878872096,0.00017611674555564476,0.000219432850833945,0.00010304959021100058,0.0005018821800923371,0.0002222332850963297,0.00016354345144536223
"[-1.0, -1.0, -1.0, -1.0, 2.0, -1.0, 2.0, -1.0, 2.0]",2,gyros_x,5.989304812834228e-05,0.0005818193926529231,0.0002953580678616687,5.240403511070353e-05,0.00011733270396250745,0.00022136144954322897,0.00022407926093669287
"[2.0, -1.0, -1.0, -1.0, 2.0, -1.0, -1.0, 2.0, -1.0]",4,accelerometer_z,0.00015988413423427116,6.08957569408067e-05,0.0008230745850713381,6.095528358493257e-05,0.0,0.0002209619519662697,0.00034143726645490484
"[2.0, -1.0, 2.0, -1.0, -1.0, -1.0, -1.0, -1.0, 2.0]",1,game_rot_vec_x,0.0,0.00034615007161152166,0.0005126459877511928,0.0,0.00023094913708620847,0.00021794903928978458,0.0002227410863077475
"[2.0, -1.0, 2.0, -1.0, -1.0, -1.0, 2.0, -1.0, -1.0]",1,magn_field_y,0.00011496528875667022,0.00011711652833148161,0.0003799665815307843,0.0002887589259617613,0.00018176884764867368,0.0002165152344458742,0.00011547218222354544
"[-1.0, -1.0, -1.0, 2.0, -1.0, -1.0, 2.0, -1.0, 2.0]",4,accelerometer_x,0.0,0.0003905546911493615,0.0002353156873916817,0.0001737181228666363,0.0002739467262224448,0.0002147070455260249,0.00014373209239686445
"[-1.0, -1.0, 2.0, -1.0, -1.0, 2.0, -1.0, 2.0, -1.0]",2,gravity_z,0.0,0.0,0.00041114801425141956,0.0003466462273669907,0.00030387544223952896,0.00021233393677158783,0.00019755890099051402
"[-1.0, -1.0, -1.0, 2.0, -1.0, 2.0, -1.0, 2.0, -1.0]",2,magn_field_x,0.00011823206120972337,0.0004481975663557448,0.0002471201858041034,0.0,0.00024032589204501153,0.00021077514108291663,0.00016699850217260942
"[2.0, -1.0, 2.0, 2.0, -1.0, -1.0, -1.0, -1.0, -1.0]",1,game_rot_vec_y,0.00011680209425370895,0.00044136355223728396,0.00010959619022767304,0.000178283145923086,0.00019958757997757867,0.0002091265125238661,0.00013546810545064783
"[2.0, -1.0, 2.0, 2.0, -1.0, -1.0, -1.0, -1.0, -1.0]",2,accelerometer_y,0.00036155022622888386,0.00014842555555941617,0.00018023947164603221,0.0003510188625588829,0.0,0.00020824682319864305,0.00015134028196337612
"[2.0, -1.0, -1.0, 2.0, -1.0, -1.0, -1.0, 2.0, -1.0]",2,magn_field_y,0.00010985982768862778,0.00046077420980671953,0.00017092066301298612,0.0001317349492820445,0.00015973789314767232,0.00020660550858761002,0.00014408073924318917
"[-1.0, -1.0, -1.0, -1.0, -1.0, 2.0, -1.0, 2.0, 2.0]",1,lin_accel_y,0.0,0.00030016272118264076,0.00020031954883602764,0.00011602778865538296,0.0004145425428837643,0.00020621052031156314,0.0001604054667075013
"[-1.0, 2.0, -1.0, -1.0, 2.0, -1.0, -1.0, -1.0, 2.0]",1,gyros_x,0.00022679365988849854,0.00013577265538932721,0.0005027121350871416,6.057448055754576e-05,0.00010515978709516415,0.00020620254360353545,0.0001765782209495543
"[-1.0, -1.0, 2.0, 2.0, -1.0, -1.0, -1.0, 2.0, -1.0]",1,lin_accel_y,0.00048300459590848037,0.00046892632792182624,4.7365304914150384e-05,3.143624336891741e-05,0.0,0.00020614649442267488,0.0002469489645553981
"[-1.0, -1.0, 2.0, -1.0, -1.0, 2.0, 2.0, -1.0, -1.0]",1,magn_field_y,0.00036553352337917466,0.00020270278031788339,0.00022968214169632298,0.00011240711314087155,0.00011920556274484024,0.00020590622425581856,0.00010285368176971719
"[2.0, 2.0, -1.0, -1.0, 2.0, -1.0, -1.0, -1.0, -1.0]",1,game_rot_vec_z,0.0005698871910703296,0.0,6.026092982614725e-05,0.0003965722552917125,0.0,0.0002053440752376379,0.00026212659045807144
"[2.0, -1.0, 2.0, -1.0, -1.0, -1.0, 2.0, -1.0, -1.0]",3,lin_accel_y,0.00014489790101644513,0.00023921764820577162,0.0002639013190764288,0.0002441068609626148,0.00013055890310631558,0.00020453652647351518,6.189148685894062e-05
"[2.0, 2.0, -1.0, -1.0, -1.0, -1.0, -1.0, 2.0, -1.0]",2,gravity_z,0.0003877284429363985,9.103642584710724e-05,6.0058651026392944e-05,0.00018362532417561618,0.0002991095006587333,0.00020431166892884964,0.0001384706472654652
"[-1.0, 2.0, -1.0, -1.0, -1.0, 2.0, -1.0, 2.0, -1.0]",2,gyros_z,3.1256104707950766e-05,0.0002983268897186486,0.0001773755752622653,0.0001707566460382049,0.00033725016150811226,0.0002029930754470364,0.00012072958638686113
"[2.0, 2.0, -1.0, -1.0, -1.0, -1.0, -1.0, -1.0, 2.0]",1,accelerometer_x,5.4103303495110974e-05,0.0003486054326070161,0.0003429391262716649,9.916126236510846e-05,0.0001681468986576952,0.00020259120467931913,0.0001368854574408254
"[2.0, 2.0, -1.0, -1.0, -1.0, -1.0, -1.0, 2.0, -1.0]",4,gravity_z,0.0004535393157836488,4.205822435434054e-05,0.0003011390146384264,0.00021482798788857334,0.0,0.00020231290853299781,0.00018684887671564288
"[-1.0, 2.0, -1.0, 2.0, -1.0, -1.0, -1.0, 2.0, -1.0]",3,accelerometer_y,0.0,0.000518344255184577,6.264889192340448e-05,8.627811059656378e-05,0.0003429235390898537,0.0002020389593588798,0.0002199701179012801
"[-1.0, -1.0, 2.0, -1.0, -1.0, -1.0, 2.0, 2.0, -1.0]",4,gyros_y,0.0003838191319155607,0.00024217682833357776,0.00010274855458424357,0.0002760827704611111,0.0,0.00020096545705889862,0.00015067359520358858
"[2.0, -1.0, -1.0, -1.0, -1.0, 2.0, 2.0, -1.0, -1.0]",2,gravity_y,0.00041044160739741405,0.00029361135724668383,0.00014673337240475462,6.025579744781932e-05,9.118739008662802e-05,0.00020044590491665997,0.00014769370502163863
"[2.0, -1.0, -1.0, -1.0, -1.0, -1.0, 2.0, -1.0, 2.0]",1,accelerometer_z,0.0003466180918456846,0.0003630022330427075,0.0001439027149267599,0.0001336068346306455,0.0,0.00019742597488915949,0.0001545868870630473
"[2.0, 2.0, 2.0, -1.0, -1.0, -1.0, -1.0, -1.0, -1.0]",2,accelerometer_x,0.00016177016359569498,0.00031713091329956444,0.00047578441018913313,0.0,3.1329547679655375e-05,0.0001972030069528096,0.0001997803905421385
"[-1.0, -1.0, -1.0, -1.0, 2.0, -1.0, -1.0, 2.0, 2.0]",3,gyros_y,4.189029977745778e-05,0.000523246352686152,6.122428429013056e-05,0.000190731338476866,0.00016620081594965805,0.00019665861823605287,0.00019359626150095585
"[-1.0, -1.0, -1.0, 2.0, -1.0, 2.0, -1.0, 2.0, -1.0]",1,magn_field_x,0.00016416218525302316,0.0003336184382379379,7.598585091052014e-05,0.00014931150327921069,0.00025707858145299957,0.00019603131182673828,0.00010033229902278383
"[-1.0, -1.0, -1.0, -1.0, 2.0, -1.0, 2.0, 2.0, -1.0]",1,magn_field_z,0.00016844154142726134,0.00021272108913174704,0.00018483635689823592,0.0002614692848055566,0.00015086193671480475,0.0001956660417955211,4.3263162036651995e-05
"[-1.0, -1.0, -1.0, -1.0, -1.0, 2.0, 2.0, 2.0, -1.0]",1,game_rot_vec_z,0.00030858703088504314,8.365787289859179e-05,0.0,0.00046295790982239256,0.00010815983448131682,0.00019267252961746887,0.00018883832572106214
"[-1.0, 2.0, -1.0, 2.0, -1.0, -1.0, -1.0, 2.0, -1.0]",4,accelerometer_y,0.00017801017201182317,0.0002066114258251816,0.0002857596768754135,0.0,0.0002812446405199817,0.00019032518304648,0.00011620527834608814
"[2.0, -1.0, -1.0, 2.0, -1.0, 2.0, -1.0, -1.0, -1.0]",2,game_rot_vec_z,0.00014883870976249881,0.00010650655876786527,0.00023449850750396735,0.0002427196852793125,0.00021342779259655008,0.0001891982507820388,5.909851179542215e-05
"[-1.0, 2.0, 2.0, -1.0, -1.0, 2.0, -1.0, -1.0, -1.0]",4,game_rot_vec_x,0.00037102288251004533,0.00011263413015276005,0.00016386119001660527,6.011741682974559e-05,0.00023327973542800438,0.00018818307098743213,0.00012058618696945178
"[-1.0, -1.0, -1.0, -1.0, -1.0, 2.0, 2.0, -1.0, 2.0]",2,gravity_x,0.00023240388775385033,0.0,0.00040838147658727424,0.0,0.0002869244653019269,0.0001855419659286103,0.00018095824148697636
"[2.0, 2.0, -1.0, -1.0, -1.0, -1.0, -1.0, 2.0, -1.0]",1,lin_accel_z,0.00011274008056332639,0.0002879484455411813,0.00027202272545766884,4.170467874364656e-05,0.00020814272384996974,0.00018451173083115858,0.00010542862024809989
"[2.0, -1.0, -1.0, -1.0, 2.0, -1.0, 2.0, -1.0, -1.0]",1,accelerometer_y,0.00010305762821502583,0.00013757067002369354,0.00010246985883635923,0.00038883001382863014,0.0001904332189526058,0.0001844722779712629,0.00011973942520021048
"[2.0, -1.0, 2.0, -1.0, -1.0, -1.0, -1.0, 2.0, -1.0]",1,lin_accel_z,0.00041666186003570766,0.00020985614699601068,0.00013157551233520425,0.0,0.00014790897948505343,0.0001812004997703952,0.00015220691846447337
"[-1.0, -1.0, -1.0, 2.0, -1.0, -1.0, 2.0, -1.0, 2.0]",1,game_rot_vec_x,0.0,0.0004908027700524332,0.0,0.0004058759389227073,0.0,0.0001793357417950281,0.0002473944701593317
"[-1.0, -1.0, -1.0, -1.0, 2.0, 2.0, -1.0, 2.0, -1.0]",4,gravity_x,0.0002804485470033372,0.00015476507603876238,0.000184902649241361,0.00018587228392939701,8.905320728812505e-05,0.0001790083527001965,6.901382823985906e-05
"[-1.0, -1.0, -1.0, 2.0, 2.0, -1.0, -1.0, -1.0, 2.0]",4,game_rot_vec_y,5.976895563088937e-05,0.00027775814326432214,0.00016791198883190118,0.00026674860537784543,0.00011858461285093347,0.00017815446119117832,9.412547325879882e-05
"[2.0, -1.0, -1.0, -1.0, -1.0, -1.0, 2.0, 2.0, -1.0]",1,gyros_y,0.0,0.0,0.0002663041453213608,0.0004427631173328382,0.00018123450005956692,0.0001780603525427532,0.00018793321563738175
"[-1.0, -1.0, 2.0, -1.0, 2.0, -1.0, -1.0, 2.0, -1.0]",1,accelerometer_z,0.00026739677467605143,4.710500490677134e-05,0.0001406869631127817,0.00029091212578584154,0.00014353668750096145,0.0001779275111964815,0.00010056638052728518
"[-1.0, -1.0, -1.0, -1.0, 2.0, -1.0, -1.0, 2.0, 2.0]",2,gyros_y,0.00010250881317890856,4.69208211143695e-05,0.0006323836250516078,3.1477473932716894e-05,6.26141403600313e-05,0.00017518097472752681,0.00025694754419559364
"[-1.0, -1.0, -1.0, -1.0, 2.0, 2.0, 2.0, -1.0, -1.0]",1,game_rot_vec_z,0.00023541721161391576,0.0002929052628661832,0.00011063255164508304,0.00020138950051033338,3.1313197207906584e-05,0.0001743315447686844,0.00010372454838451309
"[2.0, -1.0, -1.0, 2.0, -1.0, -1.0, 2.0, -1.0, -1.0]",2,magn_field_x,0.00017197011016548613,0.000352176538132964,0.00010461923950215432,0.00018010769291410374,6.276560967636483e-05,0.0001743278380782146,0.00011065096614515331
"[2.0, 2.0, -1.0, -1.0, -1.0, 2.0, -1.0, -1.0, -1.0]",1,gravity_x,0.0002557709850889299,0.00017852443813475593,0.00019024130334911718,0.00016010468462947306,7.332387254508961e-05,0.00017159305674947312,6.570871332409948e-05
"[-1.0, -1.0, -1.0, 2.0, 2.0, -1.0, 2.0, -1.0, -1.0]",1,lin_accel_z,6.0823854355379964e-05,0.0005441123384069856,0.0,3.1583103039873663e-05,0.00020661756672368738,0.00016862737250518533,0.00022431570138523214
"[2.0, -1.0, -1.0, -1.0, -1.0, -1.0, 2.0, 2.0, -1.0]",3,game_rot_vec_y,0.00033016982079254694,0.00012600905690096477,0.00011587497171021198,0.00015758513683864674,9.158913548537297e-05,0.00016424562434554866,9.572868112563382e-05
"[-1.0, 2.0, 2.0, -1.0, -1.0, -1.0, -1.0, -1.0, 2.0]",2,magn_field_x,0.0,0.000394659085813514,0.0002589593116942222,0.00016386676359072188,0.0,0.00016349703221969162,0.00017030240574839736
"[2.0, 2.0, -1.0, -1.0, -1.0, -1.0, -1.0, -1.0, 2.0]",1,game_rot_vec_x,0.000453142414814336,7.53285817040476e-05,6.05300432132265e-05,9.741071113315711e-05,0.00011728457206874568,0.0001607392645867026,0.00016487517327220044
"[-1.0, 2.0, -1.0, -1.0, -1.0, 2.0, -1.0, 2.0, -1.0]",1,gyros_z,0.0,0.00010179629131864061,0.0003861294415493404,0.00019141004405646275,0.00011915865478390079,0.00015969888634166893,0.00014385439603918475
"[-1.0, -1.0, 2.0, -1.0, -1.0, 2.0, -1.0, -1.0, 2.0]",4,gyros_x,7.833116164569415e-05,0.00031556111576465894,3.138280483818241e-05,4.694835680751174e-05,0.00032277499428234175,0.0001589996866676778,0.00014720972492137229
"[-1.0, -1.0, -1.0, 2.0, 2.0, -1.0, -1.0, 2.0, -1.0]",1,game_rot_vec_x,0.0,0.0004116105211801146,5.938802496152925e-05,8.420502271953331e-05,0.00023578780320567872,0.0001581982744133712,0.00016621000459502455
"[-1.0, -1.0, -1.0, 2.0, -1.0, 2.0, -1.0, 2.0, -1.0]",4,magn_field_x,0.00022674496782573603,0.000470833526297996,0.0,8.996448068017807e-05,0.0,0.00015750859496078203,0.00019820841951841717
"[-1.0, 2.0, -1.0, -1.0, -1.0, 2.0, -1.0, 2.0, -1.0]",4,gyros_z,0.00018554987513354432,0.0001532827305066958,0.00021472084396629114,0.0001162449944291498,0.00011457588529030358,0.00015687486586519694,4.365004864267277e-05
"[2.0, -1.0, -1.0, 2.0, 2.0, -1.0, -1.0, -1.0, -1.0]",2,game_rot_vec_y,0.0,0.0002800067675765101,0.00023623835303343218,0.0001153676422620715,0.00014730039184510525,0.0001557826309434238,0.00010940556102542299
"[-1.0, 2.0, -1.0, -1.0, -1.0, 2.0, -1.0, 2.0, -1.0]",3,gyros_z,0.00018316442585133435,9.855766821806794e-05,3.1313197207906584e-05,0.0003118685094404904,0.00014194614581928452,0.00015336998930741676,0.00010493122101430316
"[2.0, -1.0, 2.0, -1.0, -1.0, -1.0, -1.0, 2.0, -1.0]",1,magn_field_z,0.00026680581477986804,0.00014488208618426465,0.00019732815098951595,6.079207803233138e-05,8.783903680410868e-05,0.00015152943335801773,8.324675389999912e-05
"[2.0, 2.0, 2.0, -1.0, -1.0, -1.0, -1.0, -1.0, -1.0]",2,gyros_x,0.00023658840706591757,0.00011814727915867702,0.0002320068929228532,0.0,0.00016697104096008344,0.00015074272402150626,9.749684172638212e-05
"[2.0, -1.0, -1.0, -1.0, 2.0, -1.0, -1.0, -1.0, 2.0]",1,gravity_x,0.00010658102120319983,0.00040784001221290855,0.00010218429111961912,4.179455364722784e-05,9.389059138032208e-05,0.0001504580939126555,0.00014620931634076173
"[-1.0, -1.0, 2.0, -1.0, -1.0, -1.0, 2.0, 2.0, -1.0]",2,gyros_y,9.018570008054505e-05,0.000182910425204503,0.00014883301386853088,0.00017756362222201143,0.00013921578561249117,0.0001477417093976163,3.712398680892241e-05
"[-1.0, 2.0, -1.0, -1.0, -1.0, 2.0, 2.0, -1.0, -1.0]",2,gyros_y,0.000155085131552506,0.0,0.00043142426039359755,0.0001199577397675458,3.1280547409579666e-05,0.0001475495358246458,0.0001708012696460859
"[-1.0, -1.0, -1.0, 2.0, -1.0, 2.0, 2.0, -1.0, -1.0]",1,game_rot_vec_z,6.265298541543654e-05,0.00024312915573446392,0.00028762402858248544,4.6960605270023484e-05,7.847250248506087e-05,0.00014376785549749405,0.00011267432658939181
"[-1.0, 2.0, 2.0, -1.0, -1.0, 2.0, -1.0, -1.0, -1.0]",2,game_rot_vec_x,0.0002683777530315482,6.059023243666751e-05,0.0002506266401942449,0.00013532225690349463,0.0,0.00014298337651319102,0.0001168357723280184
"[-1.0, -1.0, -1.0, -1.0, 2.0, 2.0, 2.0, -1.0, -1.0]",1,accelerometer_z,0.0,0.0,0.00016352443720578605,0.00034268715892671976,0.00020425671842354455,0.00014209366291121007,0.00014572447656473853
"[2.0, -1.0, 2.0, -1.0, -1.0, 2.0, -1.0, -1.0, -1.0]",1,lin_accel_x,3.1510536335587204e-05,4.201404844744961e-05,0.00020909499559178255,4.180274330502939e-05,0.0003852007172376443,0.0001419246081834986,0.00015483289477421486
"[-1.0, -1.0, -1.0, 2.0, 2.0, 2.0, -1.0, -1.0, -1.0]",1,magn_field_y,8.614910719210802e-05,0.0003117967354336446,0.0001415206278027525,4.172643108619116e-05,0.00012800446176086108,0.00014183947265511147,0.00010271443211306593
"[-1.0, -1.0, -1.0, 2.0, -1.0, -1.0, 2.0, 2.0, -1.0]",2,lin_accel_z,3.1323414252153486e-05,0.00013695322186426122,0.00024255022566759194,0.00020616670030001178,4.180001306250408e-05,0.00013175871502930453,9.489218580126393e-05
"[-1.0, 2.0, -1.0, -1.0, -1.0, 2.0, -1.0, -1.0, 2.0]",4,lin_accel_x,0.0,0.00022496848347806987,0.00020409974210328744,0.00016936913280378126,4.7247194697814826e-05,0.0001291369106165907,9.975471846056018e-05
"[2.0, -1.0, -1.0, 2.0, -1.0, -1.0, -1.0, 2.0, -1.0]",3,magn_field_y,0.00021823594416003244,0.00025934651693568873,0.0,0.0,0.00016799061313810474,0.0001291146148467652,0.00012222466039783878
"[-1.0, 2.0, -1.0, 2.0, -1.0, -1.0, -1.0, -1.0, 2.0]",1,accelerometer_z,0.0,0.00018047682245923705,0.0,0.00018421562806453202,0.0002576270016755609,0.000124463890439866,0.00011771008128384501
"[2.0, 2.0, -1.0, -1.0, -1.0, -1.0, 2.0, -1.0, -1.0]",2,lin_accel_y,0.0001495094709635323,9.469721696368342e-05,4.185742315238717e-05,0.0,0.0003178625924243402,0.00012078534070078862,0.00012365660486111785
"[2.0, -1.0, 2.0, -1.0, -1.0, 2.0, -1.0, -1.0, -1.0]",2,gravity_x,0.00018922660283351097,0.0,0.00011694837825491093,0.00017421766308602126,0.00012078860963242306,0.00012023625076137325,7.440015584441706e-05
"[-1.0, 2.0, 2.0, -1.0, 2.0, -1.0, -1.0, -1.0, -1.0]",1,magn_field_z,0.00020255842483717036,0.0001409369698551481,6.0963406561263604e-05,0.0,0.00018073840275758963,0.00011703944080223433,8.483056436050414e-05
"[2.0, -1.0, -1.0, -1.0, 2.0, -1.0, -1.0, -1.0, 2.0]",4,gravity_x,0.00011777491292172257,7.828810020876828e-05,0.0001044863841180696,5.2538254416497016e-05,0.0002181400976807479,0.00011424554986916107,6.325050055701183e-05
"[2.0, -1.0, -1.0, 2.0, 2.0, -1.0, -1.0, -1.0, -1.0]",2,gyros_y,7.529411764705882e-05,8.873369621033169e-05,5.770491803278688e-05,0.00011990259289962696,0.0002146716684623795,0.00011126139865043678,6.212445862296429e-05
"[2.0, 2.0, -1.0, -1.0, -1.0, -1.0, -1.0, -1.0, 2.0]",2,gyros_x,6.283956274137592e-05,0.00028010777419990805,0.0001486693838519238,0.0,5.683462702276018e-05,0.00010969026956319359,0.00010906667702860777
"[2.0, -1.0, -1.0, -1.0, -1.0, 2.0, -1.0, 2.0, -1.0]",1,gravity_z,0.00017854113586236335,0.0001617909150109726,6.103563693640482e-05,0.0,0.00011966265082486243,0.00010420606772692064,7.382955640906689e-05
"[-1.0, 2.0, 2.0, -1.0, -1.0, -1.0, -1.0, -1.0, 2.0]",4,magn_field_x,6.0350205277741484e-05,0.0001747784950946763,0.0,0.0001624309264792405,0.00011986340566578966,0.00010348460650348959,7.313581988912993e-05
"[-1.0, -1.0, -1.0, -1.0, -1.0, 2.0, 2.0, 2.0, -1.0]",4,gyros_z,3.1256104707950766e-05,0.00011840421536664466,0.00017359477124183012,6.025498528931022e-05,0.00012741707862141683,0.00010218543104543051,5.654226403217688e-05
"[2.0, -1.0, -1.0, 2.0, -1.0, -1.0, -1.0, -1.0, 2.0]",3,magn_field_z,5.6315995307000404e-05,0.00024354988316481973,3.137049866021829e-05,0.000175594460412856,0.0,0.00010136616750897889,0.00010359785235900936
"[-1.0, -1.0, -1.0, -1.0, 2.0, 2.0, -1.0, 2.0, -1.0]",3,gravity_x,3.1448601192426124e-05,0.00016945067112035308,0.0,0.0001021476167276306,0.00018648049402648353,9.790547661337867e-05,8.213440655585578e-05
"[-1.0, -1.0, -1.0, -1.0, 2.0, -1.0, 2.0, -1.0, 2.0]",3,gyros_x,3.150639973744666e-05,0.0,0.000452048718618978,0.0,0.0,9.671102367128493e-05,0.00019910775143859705
"[2.0, -1.0, 2.0, -1.0, 2.0, -1.0, -1.0, -1.0, -1.0]",1,gyros_z,5.366926316574113e-05,6.236389672674281e-05,0.00016039446489674085,9.663409248818876e-05,0.0001083485612804673,9.628205571157616e-05,4.249240254309281e-05
"[2.0, -1.0, -1.0, -1.0, -1.0, 2.0, -1.0, 2.0, -1.0]",1,lin_accel_z,0.00011983091428771593,0.0,8.257615317667538e-05,0.000253598460057145,0.0,9.120110550430726e-05,0.00010476430667193398
"[2.0, -1.0, 2.0, -1.0, -1.0, -1.0, 2.0, -1.0, -1.0]",1,lin_accel_y,5.6315995307000404e-05,3.133772932036299e-05,8.555030696557991e-05,0.00024832376353877317,3.143006809848087e-05,9.059157264603947e-05,9.095435005347713e-05
"[-1.0, 2.0, -1.0, -1.0, 2.0, -1.0, -1.0, -1.0, 2.0]",3,gyros_x,7.534828961998823e-05,0.00023076134600471813,0.0,0.0,8.36883988396448e-05,7.795960689287023e-05,9.426480006404302e-05
"[2.0, 2.0, -1.0, -1.0, -1.0, -1.0, 2.0, -1.0, -1.0]",4,gravity_y,0.00017678602876366166,0.0,7.333682556312207e-05,0.0,0.00013486552543906673,7.699767595317009e-05,7.933645030928505e-05
"[-1.0, -1.0, 2.0, -1.0, -1.0, 2.0, 2.0, -1.0, -1.0]",1,gravity_y,0.0,0.0,0.0,0.00012270219871634807,0.00023853215665841366,7.224687107495235e-05,0.00010706933201124428
